year,season_type,week,game_id,kickoff_utc,home_team,away_team,spread,total,home_ml,away_ml,book
2025,regular,1,401756846,2025-08-23T16:00:00.000Z,Kansas State,Iowa State,,51.5,,,ESPN Bet
2025,regular,1,401767476,2025-08-23T17:00:00.000Z,Nicholls,Incarnate Word,,51.5,,,Bovada
2025,regular,1,401760371,2025-08-23T20:00:00.000Z,UNLV,Idaho State,,67.0,,,Bovada
2025,regular,1,401767126,2025-08-23T20:30:00.000Z,Portland State,Tarleton State,,60.5,,,Bovada
2025,regular,1,401756847,2025-08-23T22:30:00.000Z,Kansas,Fresno State,,51.5,,,DraftKings
2025,regular,1,401757218,2025-08-23T23:00:00.000Z,Western Kentucky,Sam Houston,,60.5,,,DraftKings
2025,regular,1,401754516,2025-08-23T23:30:00.000Z,Hawai'i,Stanford,,53.5,,,DraftKings
2025,regular,1,401767410,2025-08-23T23:30:00.000Z,Southern,North Carolina Central,,47.5,,,ESPN Bet
2025,regular,1,401762522,2025-08-28T21:30:00.000Z,South Florida,Boise State,,63.5,,,DraftKings
2025,regular,1,401752794,2025-08-28T22:00:00.000Z,Rutgers,Ohio,,46.5,,,DraftKings
2025,regular,1,401762790,2025-08-28T22:00:00.000Z,Bowling Green,Lafayette,,53.0,,,Bovada
2025,regular,1,401767549,2025-08-28T22:00:00.000Z,Youngstown State,Mercyhurst,,59.5,,,ESPN Bet
2025,regular,1,401754373,2025-08-28T23:00:00.000Z,NC State,East Carolina,,58.5,,,DraftKings
2025,regular,1,401756848,2025-08-28T23:00:00.000Z,UCF,Jacksonville State,,53.5,,,DraftKings
2025,regular,1,401757219,2025-08-28T23:00:00.000Z,Delaware,Delaware State,,55.5,,,Bovada
2025,regular,1,401761588,2025-08-28T23:00:00.000Z,UL Monroe,St. Francis (PA),,47.0,,,Bovada
2025,regular,1,401762789,2025-08-28T23:00:00.000Z,Akron,Wyoming,,49.5,,,DraftKings
2025,regular,1,401767171,2025-08-28T23:00:00.000Z,Eastern Illinois,Dayton,,47.5,,,ESPN Bet
2025,regular,1,401767209,2025-08-28T23:00:00.000Z,St. Thomas (MN),Lindenwood,,51.5,,,ESPN Bet
2025,regular,1,401767327,2025-08-28T23:00:00.000Z,Norfolk State,Towson,,49.5,,,ESPN Bet
2025,regular,1,401752674,2025-08-28T23:30:00.000Z,Missouri,Central Arkansas,,52.5,,,Bovada
2025,regular,1,401754517,2025-08-28T23:30:00.000Z,Duke,Elon,,51.5,,,Bovada
2025,regular,1,401756876,2025-08-28T23:30:00.000Z,Oklahoma State,UT Martin,,56.5,,,Bovada
2025,regular,1,401767298,2025-08-28T23:30:00.000Z,Samford,West Georgia,,55.5,,,ESPN Bet
2025,regular,1,401752793,2025-08-29T00:00:00.000Z,Minnesota,Buffalo,,45.5,,,DraftKings
2025,regular,1,401756852,2025-08-29T00:00:00.000Z,Houston,Stephen F. Austin,,54.5,,,Bovada
2025,regular,1,401767369,2025-08-29T00:00:00.000Z,Northwestern State,Alcorn State,,49.5,,,ESPN Bet
2025,regular,1,401762430,2025-08-29T00:30:00.000Z,UAB,Alabama State,,53.5,,,Bovada
2025,regular,1,401752796,2025-08-29T01:00:00.000Z,Cincinnati,Nebraska,,52.5,,,DraftKings
2025,regular,1,401762791,2025-08-29T01:00:00.000Z,Wisconsin,Miami (OH),,40.5,,,DraftKings
2025,regular,1,401760357,2025-08-29T02:00:00.000Z,San Diego State,Stony Brook,,53.5,,,Bovada
2025,regular,1,401762432,2025-08-29T22:00:00.000Z,Army,Tarleton State,,47.5,,,ESPN Bet
2025,regular,1,401767140,2025-08-29T22:00:00.000Z,Rhode Island,Campbell,,56.5,,,ESPN Bet
2025,regular,1,401752802,2025-08-29T23:00:00.000Z,Michigan State,Western Michigan,,49.5,,,DraftKings
2025,regular,1,401754374,2025-08-29T23:00:00.000Z,Wake Forest,Kennesaw State,,51.5,,,DraftKings
2025,regular,1,401761589,2025-08-29T23:00:00.000Z,Charlotte,App State,,53.5,,,DraftKings
2025,regular,1,401766898,2025-08-29T23:00:00.000Z,Florida International,Bethune-Cookman,,54.5,,,ESPN Bet
2025,regular,1,401767256,2025-08-29T23:00:00.000Z,Colgate,Monmouth,,65.5,,,ESPN Bet
2025,regular,1,401779329,2025-08-29T23:00:00.000Z,Marist,New Haven,,48.5,,,ESPN Bet
2025,regular,1,401752795,2025-08-29T23:30:00.000Z,Illinois,Western Illinois,,62.5,,,Bovada
2025,regular,1,401756854,2025-08-29T23:30:00.000Z,Kansas,Wagner,,57.5,,,ESPN Bet
2025,regular,1,401752667,2025-08-30T00:00:00.000Z,Baylor,Auburn,,57.5,,,DraftKings
2025,regular,1,401754375,2025-08-30T00:00:00.000Z,Colorado,Georgia Tech,,55.5,,,DraftKings
2025,regular,1,401757224,2025-08-30T01:30:00.000Z,Sam Houston,UNLV,,58.5,,,DraftKings
2025,regular,1,401760358,2025-08-30T02:30:00.000Z,San José State,Central Michigan,,50.5,,,DraftKings
2025,regular,1,401752673,2025-08-30T16:00:00.000Z,Southern Miss,Mississippi State,,59.5,,,DraftKings
2025,regular,1,401752676,2025-08-30T16:00:00.000Z,Tennessee,Syracuse,,53.5,,,DraftKings
2025,regular,1,401752677,2025-08-30T16:00:00.000Z,Ohio State,Texas,,46.5,,,ESPN Bet
2025,regular,1,401752797,2025-08-30T16:00:00.000Z,Maryland,Florida Atlantic,,57.5,,,DraftKings
2025,regular,1,401752801,2025-08-30T16:00:00.000Z,Purdue,Ball State,,50.5,,,DraftKings
2025,regular,1,401752803,2025-08-30T16:00:00.000Z,Tulane,Northwestern,,47.5,,,DraftKings
2025,regular,1,401754520,2025-08-30T16:00:00.000Z,Pittsburgh,Duquesne,,58.5,,,ESPN Bet
2025,regular,1,401762434,2025-08-30T16:00:00.000Z,Navy,VMI,,54.5,,,ESPN Bet
2025,regular,1,401762792,2025-08-30T16:00:00.000Z,Kent State,Merrimack,,50.5,,,Bovada
2025,regular,1,401752670,2025-08-30T16:45:00.000Z,Kentucky,Toledo,,48.5,,,DraftKings
2025,regular,1,401767602,2025-08-30T17:00:00.000Z,Davidson,Georgetown,,55.5,,,ESPN Bet
2025,regular,1,401754518,2025-08-30T18:00:00.000Z,Boston College,Fordham,,53.5,,,Bovada
2025,regular,1,401756878,2025-08-30T18:00:00.000Z,West Virginia,Robert Morris,,56.5,,,Bovada
2025,regular,1,401757167,2025-08-30T18:00:00.000Z,UConn,Central Connecticut,,51.5,,,ESPN Bet
2025,regular,1,401767339,2025-08-30T18:00:00.000Z,Furman,William & Mary,,49.5,,,ESPN Bet
2025,regular,1,401767536,2025-08-30T18:00:00.000Z,Northern Iowa,Butler,,53.5,,,ESPN Bet
2025,regular,1,401767657,2025-08-30T18:00:00.000Z,Sacred Heart,Stonehill,,45.5,,,ESPN Bet
2025,regular,1,401752806,2025-08-30T18:30:00.000Z,Indiana,Old Dominion,,54.5,,,DraftKings
2025,regular,1,401754519,2025-08-30T19:00:00.000Z,Louisville,Eastern Kentucky,,57.5,,,ESPN Bet
2025,regular,1,401767179,2025-08-30T19:00:00.000Z,Jackson State,Hampton,,58.5,,,ESPN Bet
2025,regular,1,401752665,2025-08-30T19:30:00.000Z,Florida State,Alabama,,50.5,,,DraftKings
2025,regular,1,401752669,2025-08-30T19:30:00.000Z,Georgia,Marshall,,55.5,,,DraftKings
2025,regular,1,401752807,2025-08-30T19:30:00.000Z,Penn State,Nevada,,58.5,,,DraftKings
2025,regular,1,401756853,2025-08-30T19:30:00.000Z,Iowa State,South Dakota,,47.5,,,Bovada
2025,regular,1,401760359,2025-08-30T19:30:00.000Z,Air Force,Bucknell,,54.5,,,Bovada
2025,regular,1,401762456,2025-08-30T19:30:00.000Z,Massachusetts,Temple,,51.5,,,DraftKings
2025,regular,1,401762793,2025-08-30T19:30:00.000Z,Northern Illinois,Holy Cross,,48.5,,,Bovada
2025,regular,1,401752804,2025-08-30T20:00:00.000Z,Oregon,Montana State,,56.5,,,Bovada
2025,regular,1,401757220,2025-08-30T20:00:00.000Z,Liberty,Maine,,51.0,,,Bovada
2025,regular,1,401767350,2025-08-30T20:00:00.000Z,Florida A&M,Howard,,48.5,,,ESPN Bet
2025,regular,1,401752666,2025-08-30T20:15:00.000Z,Arkansas,Alabama A&M,,62.5,,,ESPN Bet
2025,regular,1,401762433,2025-08-30T20:30:00.000Z,Memphis,Chattanooga,,55.5,,,Bovada
2025,regular,1,401767223,2025-08-30T20:30:00.000Z,Tennessee State,North Carolina A&T,,50.5,,,ESPN Bet
2025,regular,1,401767425,2025-08-30T21:00:00.000Z,Mississippi Valley State,Southern,,49.5,,,ESPN Bet
2025,regular,1,401767454,2025-08-30T21:30:00.000Z,East Tennessee State,Murray State,,54.5,,,ESPN Bet
2025,regular,1,401752675,2025-08-30T22:00:00.000Z,Oklahoma,Illinois State,,61.0,,,Bovada
2025,regular,1,401752799,2025-08-30T22:00:00.000Z,Iowa,UAlbany,,48.5,,,ESPN Bet
2025,regular,1,401754616,2025-08-30T22:00:00.000Z,Virginia,Coastal Carolina,,57.5,,,DraftKings
2025,regular,1,401761590,2025-08-30T22:00:00.000Z,James Madison,Weber State,,54.5,,,Bovada
2025,regular,1,401767201,2025-08-30T22:00:00.000Z,Western Carolina,Gardner-Webb,,57.5,,,ESPN Bet
2025,regular,1,401767265,2025-08-30T22:00:00.000Z,North Carolina Central,New Hampshire,,50.5,,,ESPN Bet
2025,regular,1,401767415,2025-08-30T22:00:00.000Z,South Carolina State,Wofford,,49.5,,,ESPN Bet
2025,regular,1,401767572,2025-08-30T22:00:00.000Z,Mercer,Presbyterian,,51.5,,,ESPN Bet
2025,regular,1,401752668,2025-08-30T23:00:00.000Z,Florida,Long Island University,,56.5,,,ESPN Bet
2025,regular,1,401752678,2025-08-30T23:00:00.000Z,Texas A&M,UTSA,,56.5,,,DraftKings
2025,regular,1,401752679,2025-08-30T23:00:00.000Z,Vanderbilt,Charleston Southern,,49.5,,,Bovada
2025,regular,1,401756855,2025-08-30T23:00:00.000Z,Kansas State,North Dakota,,55.5,,,Bovada
2025,regular,1,401757222,2025-08-30T23:00:00.000Z,Middle Tennessee,Austin Peay,,53.5,,,Bovada
2025,regular,1,401757226,2025-08-30T23:00:00.000Z,Western Kentucky,North Alabama,,60.5,,,Bovada
2025,regular,1,401761591,2025-08-30T23:00:00.000Z,Arkansas State,Southeast Missouri State,,59.5,,,ESPN Bet
2025,regular,1,401761593,2025-08-30T23:00:00.000Z,South Alabama,Morgan State,,51.5,,,Bovada
2025,regular,1,401761595,2025-08-30T23:00:00.000Z,Troy,Nicholls,,46.5,,,ESPN Bet
2025,regular,1,401767059,2025-08-30T23:00:00.000Z,Incarnate Word,Eastern Washington,,57.5,,,ESPN Bet
2025,regular,1,401767130,2025-08-30T23:00:00.000Z,South Dakota State,Sacramento State,,57.5,,,ESPN Bet
2025,regular,1,401752671,2025-08-30T23:30:00.000Z,Clemson,LSU,,57.5,,,DraftKings
2025,regular,1,401752798,2025-08-30T23:30:00.000Z,USC,Missouri State,,59.5,,,DraftKings
2025,regular,1,401752808,2025-08-30T23:30:00.000Z,Michigan,New Mexico,,52.5,,,DraftKings
2025,regular,1,401756877,2025-08-30T23:30:00.000Z,Texas Tech,Arkansas-Pine Bluff,,62.5,,,ESPN Bet
2025,regular,1,401757221,2025-08-30T23:30:00.000Z,Louisiana Tech,SE Louisiana,,50.5,,,ESPN Bet
2025,regular,1,401757225,2025-08-30T23:30:00.000Z,Utah State,UTEP,,59.5,,,DraftKings
2025,regular,1,401752672,2025-08-30T23:45:00.000Z,Ole Miss,Georgia State,,62.5,,,DraftKings
2025,regular,1,401756851,2025-08-31T00:00:00.000Z,BYU,Portland State,,61.5,,,Bovada
2025,regular,1,401761592,2025-08-31T00:00:00.000Z,Louisiana,Rice,,49.5,,,DraftKings
2025,regular,1,401761594,2025-08-31T00:00:00.000Z,Texas State,Eastern Michigan,,58.5,,,DraftKings
2025,regular,1,401762435,2025-08-31T00:00:00.000Z,North Texas,Lamar,,63.5,,,Bovada
2025,regular,1,401762457,2025-08-31T00:00:00.000Z,Tulsa,Abilene Christian,,59.5,,,Bovada
2025,regular,1,401767070,2025-08-31T00:00:00.000Z,San Diego,Cal Poly,,49.5,,,ESPN Bet
2025,regular,1,401767431,2025-08-31T00:00:00.000Z,Texas Southern,Prairie View A&M,,47.5,,,ESPN Bet
2025,regular,1,401767080,2025-08-31T00:30:00.000Z,Southern Utah,Idaho State,,63.5,,,Bovada
2025,regular,1,401754521,2025-08-31T01:00:00.000Z,SMU,East Texas A&M,,65.0,,,Bovada
2025,regular,1,401757223,2025-08-31T01:00:00.000Z,New Mexico State,Bryant,,52.5,,,ESPN Bet
2025,regular,1,401760361,2025-08-31T01:30:00.000Z,Fresno State,Georgia Southern,,54.5,,,DraftKings
2025,regular,1,401752947,2025-08-31T02:00:00.000Z,Washington State,Idaho,,50.5,,,ESPN Bet
2025,regular,1,401756850,2025-08-31T02:00:00.000Z,Arizona State,Northern Arizona,,52.5,,,ESPN Bet
2025,regular,1,401767156,2025-08-31T02:00:00.000Z,Utah Tech,UC Davis,,56.5,,,ESPN Bet
2025,regular,1,401752936,2025-08-31T02:30:00.000Z,Oregon State,California,,51.5,,,DraftKings
2025,regular,1,401756849,2025-08-31T02:30:00.000Z,Arizona,Hawai'i,,55.5,,,DraftKings
2025,regular,1,401752800,2025-08-31T03:00:00.000Z,UCLA,Utah,,50.5,,,DraftKings
2025,regular,1,401752805,2025-08-31T03:00:00.000Z,Washington,Colorado State,,52.5,,,DraftKings
2025,regular,1,401752680,2025-08-31T19:00:00.000Z,South Carolina,Virginia Tech,,48.5,,,DraftKings
2025,regular,1,401754522,2025-08-31T23:30:00.000Z,Miami,Notre Dame,,53.5,,,DraftKings
2025,regular,1,401754523,2025-09-02T00:00:00.000Z,North Carolina,TCU,,59.5,,,DraftKings
2025,regular,2,401754528,2025-09-05T23:00:00.000Z,Louisville,James Madison,,57.0,,,Bovada
2025,regular,2,401752817,2025-09-05T23:30:00.000Z,Northwestern,Western Illinois,,48.5,,,ESPN Bet
2025,regular,2,401752826,2025-09-05T23:30:00.000Z,Maryland,Northern Illinois,,44.5,,,Bovada
2025,regular,2,401760363,2025-09-06T01:00:00.000Z,Boise State,Eastern Washington,,60.5,,,ESPN Bet
2025,regular,2,401752693,2025-09-06T16:00:00.000Z,Texas,San José State,,52.5,,,Bovada
2025,regular,2,401752811,2025-09-06T16:00:00.000Z,Penn State,Florida International,,53.5,,,Bovada
2025,regular,2,401752812,2025-09-06T16:00:00.000Z,Indiana,Kennesaw State,,51.5,,,Bovada
2025,regular,2,401752813,2025-09-06T16:00:00.000Z,Minnesota,Northwestern State,,50.5,,,Bovada
2025,regular,2,401752822,2025-09-06T16:00:00.000Z,Iowa State,Iowa,,43.0,,,Bovada
2025,regular,2,401752825,2025-09-06T16:00:00.000Z,Duke,Illinois,,49.0,,,Bovada
2025,regular,2,401754524,2025-09-06T16:00:00.000Z,NC State,Virginia,,53.0,,,Bovada
2025,regular,2,401754525,2025-09-06T16:00:00.000Z,SMU,Baylor,,65.5,,,Bovada
2025,regular,2,401754529,2025-09-06T16:00:00.000Z,Pittsburgh,Central Michigan,,48.5,,,Bovada
2025,regular,2,401754618,2025-09-06T16:00:00.000Z,Syracuse,UConn,,57.5,,,Bovada
2025,regular,2,401754621,2025-09-06T16:00:00.000Z,Florida State,East Texas A&M,,56.5,,,ESPN Bet
2025,regular,2,401756885,2025-09-06T16:00:00.000Z,Texas Tech,Kent State,,60.0,,,Bovada
2025,regular,2,401757227,2025-09-06T16:00:00.000Z,Jacksonville State,Liberty,,50.5,,,Bovada
2025,regular,2,401767658,2025-09-06T16:00:00.000Z,Lehigh,Sacred Heart,,42.5,,,ESPN Bet
2025,regular,2,401779511,2025-09-06T16:00:00.000Z,Mercyhurst,New Haven,,52.5,,,ESPN Bet
2025,regular,2,401752694,2025-09-06T16:45:00.000Z,Texas A&M,Utah State,,57.5,,,Bovada
2025,regular,2,401767172,2025-09-06T17:00:00.000Z,Indiana State,Eastern Illinois,,50.5,,,ESPN Bet
2025,regular,2,401767231,2025-09-06T17:00:00.000Z,Tennessee Tech,Chattanooga,,48.5,,,ESPN Bet
2025,regular,2,401767332,2025-09-06T17:00:00.000Z,Delaware State,UAlbany,,50.5,,,ESPN Bet
2025,regular,2,401767626,2025-09-06T17:00:00.000Z,Marist,Bucknell,,56.5,,,ESPN Bet
2025,regular,2,401767719,2025-09-06T17:00:00.000Z,Georgetown,Wagner,,48.5,,,ESPN Bet
2025,regular,2,401767771,2025-09-06T17:00:00.000Z,Stonehill,Lafayette,,45.5,,,ESPN Bet
2025,regular,2,401754620,2025-09-06T18:00:00.000Z,Wake Forest,Western Carolina,,60.5,,,Bovada
2025,regular,2,401762462,2025-09-06T18:00:00.000Z,Temple,Howard,,47.0,,,Bovada
2025,regular,2,401767550,2025-09-06T18:00:00.000Z,Youngstown State,Robert Morris,,50.5,,,ESPN Bet
2025,regular,2,401767565,2025-09-06T18:00:00.000Z,Furman,Presbyterian,,44.5,,,ESPN Bet
2025,regular,2,401767224,2025-09-06T18:30:00.000Z,Tennessee State,North Dakota State,,49.5,,,ESPN Bet
2025,regular,2,401760366,2025-09-06T19:00:00.000Z,New Mexico,Idaho State,,60.0,,,Bovada
2025,regular,2,401752685,2025-09-06T19:30:00.000Z,Georgia,Austin Peay,,55.5,,,Bovada
2025,regular,2,401752686,2025-09-06T19:30:00.000Z,Kentucky,Ole Miss,,51.5,,,Bovada
2025,regular,2,401752689,2025-09-06T19:30:00.000Z,Missouri,Kansas,,51.0,,,Bovada
2025,regular,2,401752692,2025-09-06T19:30:00.000Z,Tennessee,East Tennessee State,,58.5,,,Bovada
2025,regular,2,401752815,2025-09-06T19:30:00.000Z,Ohio State,Grambling,,62.5,,,Bovada
2025,regular,2,401752818,2025-09-06T19:30:00.000Z,Rutgers,Miami (OH),,45.5,,,Bovada
2025,regular,2,401752824,2025-09-06T19:30:00.000Z,Oregon,Oklahoma State,,55.5,,,Bovada
2025,regular,2,401752937,2025-09-06T19:30:00.000Z,Oregon State,Fresno State,,45.5,,,Bovada
2025,regular,2,401754622,2025-09-06T19:30:00.000Z,Georgia Tech,Gardner-Webb,,60.5,,,Bovada
2025,regular,2,401754637,2025-09-06T19:30:00.000Z,Clemson,Troy,,51.5,,,Bovada
2025,regular,2,401756880,2025-09-06T19:30:00.000Z,Cincinnati,Bowling Green,,46.5,,,ESPN Bet
2025,regular,2,401756881,2025-09-06T19:30:00.000Z,Colorado,Delaware,,49.5,,,Bovada
2025,regular,2,401761596,2025-09-06T19:30:00.000Z,App State,Lindenwood,,56.0,,,Bovada
2025,regular,2,401761603,2025-09-06T19:30:00.000Z,UTSA,Texas State,,64.5,,,ESPN Bet
2025,regular,2,401762458,2025-09-06T19:30:00.000Z,Navy,UAB,,59.0,,,Bovada
2025,regular,2,401762461,2025-09-06T19:30:00.000Z,Western Michigan,North Texas,,56.0,,,Bovada
2025,regular,2,401762794,2025-09-06T19:30:00.000Z,Buffalo,St. Francis (PA),,48.0,,,Bovada
2025,regular,2,401762816,2025-09-06T19:30:00.000Z,Massachusetts,Bryant,,52.0,,,Bovada
2025,regular,2,401767579,2025-09-06T19:30:00.000Z,Samford,The Citadel,,45.5,,,ESPN Bet
2025,regular,2,401752820,2025-09-06T20:00:00.000Z,Wisconsin,Middle Tennessee,,45.5,,,Bovada
2025,regular,2,401756883,2025-09-06T20:00:00.000Z,Ohio,West Virginia,,58.5,,,ESPN Bet
2025,regular,2,401760367,2025-09-06T20:00:00.000Z,Wyoming,Northern Iowa,,47.5,,,Bovada
2025,regular,2,401767089,2025-09-06T20:00:00.000Z,Idaho,St. Thomas (MN),,47.5,,,ESPN Bet
2025,regular,2,401752684,2025-09-06T20:15:00.000Z,Florida,South Florida,,58.0,,,Bovada
2025,regular,2,401752682,2025-09-06T21:00:00.000Z,Arkansas,Arkansas State,,62.0,,,Bovada
2025,regular,2,401760365,2025-09-06T21:00:00.000Z,Nevada,Sacramento State,,56.0,,,Bovada
2025,regular,2,401761602,2025-09-06T21:00:00.000Z,Southern Miss,Jackson State,,53.0,,,Bovada
2025,regular,2,401767112,2025-09-06T21:00:00.000Z,Northern Arizona,Utah Tech,,55.5,,,ESPN Bet
2025,regular,2,401754530,2025-09-06T22:00:00.000Z,California,Texas Southern,,54.5,,,Bovada
2025,regular,2,401756887,2025-09-06T22:00:00.000Z,Utah,Cal Poly,,53.5,,,Bovada
2025,regular,2,401757228,2025-09-06T22:00:00.000Z,Marshall,Missouri State,,53.5,,,Bovada
2025,regular,2,401761599,2025-09-06T22:00:00.000Z,Old Dominion,North Carolina Central,,50.5,,,Bovada
2025,regular,2,401762459,2025-09-06T22:00:00.000Z,East Carolina,Campbell,,56.0,,,Bovada
2025,regular,2,401762460,2025-09-06T22:00:00.000Z,Florida Atlantic,Florida A&M,,51.0,,,Bovada
2025,regular,2,401767149,2025-09-06T22:00:00.000Z,Elon,Davidson,,59.5,,,ESPN Bet
2025,regular,2,401767189,2025-09-06T22:00:00.000Z,William & Mary,Maine,,48.5,,,ESPN Bet
2025,regular,2,401767257,2025-09-06T22:00:00.000Z,Fordham,Monmouth,,65.5,,,ESPN Bet
2025,regular,2,401767266,2025-09-06T22:00:00.000Z,New Hampshire,Holy Cross,,46.5,,,ESPN Bet
2025,regular,2,401767277,2025-09-06T22:00:00.000Z,Eastern Kentucky,Houston Christian,,53.5,,,ESPN Bet
2025,regular,2,401767317,2025-09-06T22:00:00.000Z,Stony Brook,Rhode Island,,47.5,,,ESPN Bet
2025,regular,2,401767336,2025-09-06T22:00:00.000Z,Villanova,Colgate,,50.5,,,ESPN Bet
2025,regular,2,401767593,2025-09-06T22:00:00.000Z,Wofford,Richmond,,40.5,,,ESPN Bet
2025,regular,2,401752691,2025-09-06T23:00:00.000Z,South Carolina,South Carolina State,,54.0,,,Bovada
2025,regular,2,401754527,2025-09-06T23:00:00.000Z,Charlotte,North Carolina,,49.5,,,ESPN Bet
2025,regular,2,401754641,2025-09-06T23:00:00.000Z,Miami,Bethune-Cookman,,64.5,,,ESPN Bet
2025,regular,2,401756882,2025-09-06T23:00:00.000Z,Kansas State,Army,,48.5,,,Bovada
2025,regular,2,401756884,2025-09-06T23:00:00.000Z,Rice,Houston,,38.5,,,Bovada
2025,regular,2,401756886,2025-09-06T23:00:00.000Z,UCF,North Carolina A&T,,51.0,,,Bovada
2025,regular,2,401757232,2025-09-06T23:00:00.000Z,Toledo,Western Kentucky,,57.5,,,Bovada
2025,regular,2,401760364,2025-09-06T23:00:00.000Z,Colorado State,Northern Colorado,,52.5,,,Bovada
2025,regular,2,401761598,2025-09-06T23:00:00.000Z,Georgia State,Memphis,,57.5,,,Bovada
2025,regular,2,401761601,2025-09-06T23:00:00.000Z,South Alabama,Tulane,,51.5,,,Bovada
2025,regular,2,401762795,2025-09-06T23:00:00.000Z,Eastern Michigan,Long Island University,,54.5,,,Bovada
2025,regular,2,401767127,2025-09-06T23:00:00.000Z,North Dakota,Portland State,,58.5,,,ESPN Bet
2025,regular,2,401767216,2025-09-06T23:00:00.000Z,Southeast Missouri State,North Alabama,,55.5,,,ESPN Bet
2025,regular,2,401767304,2025-09-06T23:00:00.000Z,Tarleton State,Mississippi Valley State,,57.5,,,ESPN Bet
2025,regular,2,401767309,2025-09-06T23:00:00.000Z,Alabama A&M,Alcorn State,,49.5,,,ESPN Bet
2025,regular,2,401767328,2025-09-06T23:00:00.000Z,Morgan State,Towson,,48.5,,,ESPN Bet
2025,regular,2,401767359,2025-09-06T23:00:00.000Z,Southern,Alabama State,,56.5,,,ESPN Bet
2025,regular,2,401767379,2025-09-06T23:00:00.000Z,Central Arkansas,Arkansas-Pine Bluff,,55.5,,,ESPN Bet
2025,regular,2,401767437,2025-09-06T23:00:00.000Z,Illinois State,Morehead State,,52.5,,,ESPN Bet
2025,regular,2,401767455,2025-09-06T23:00:00.000Z,Murray State,SE Louisiana,,51.5,,,ESPN Bet
2025,regular,2,401767482,2025-09-06T23:00:00.000Z,Lamar,South Dakota,,51.5,,,ESPN Bet
2025,regular,2,401769868,2025-09-06T23:00:00.000Z,Nicholls,West Georgia,,44.5,,,ESPN Bet
2025,regular,2,401752683,2025-09-06T23:30:00.000Z,Auburn,Ball State,,52.5,,,Bovada
2025,regular,2,401752687,2025-09-06T23:30:00.000Z,LSU,Louisiana Tech,,49.5,,,Bovada
2025,regular,2,401752688,2025-09-06T23:30:00.000Z,Mississippi State,Arizona State,,58.5,,,Bovada
2025,regular,2,401752690,2025-09-06T23:30:00.000Z,Oklahoma,Michigan,,47.5,,,DraftKings
2025,regular,2,401752695,2025-09-06T23:30:00.000Z,Virginia Tech,Vanderbilt,,46.5,,,ESPN Bet
2025,regular,2,401752810,2025-09-06T23:30:00.000Z,Nebraska,Akron,,47.5,,,Bovada
2025,regular,2,401752814,2025-09-06T23:30:00.000Z,USC,Georgia Southern,,61.5,,,Bovada
2025,regular,2,401752816,2025-09-06T23:30:00.000Z,Michigan State,Boston College,,45.5,,,Bovada
2025,regular,2,401752819,2025-09-06T23:30:00.000Z,Purdue,Southern Illinois,,52.0,,,Bovada
2025,regular,2,401761597,2025-09-06T23:30:00.000Z,Coastal Carolina,Charleston Southern,,49.0,,,Bovada
2025,regular,2,401752681,2025-09-06T23:45:00.000Z,Alabama,UL Monroe,,50.0,,,Bovada
2025,regular,2,401752823,2025-09-07T00:00:00.000Z,UNLV,UCLA,,54.5,,,Bovada
2025,regular,2,401761600,2025-09-07T00:00:00.000Z,Louisiana,McNeese,,50.0,,,Bovada
2025,regular,2,401767105,2025-09-07T00:00:00.000Z,Montana State,South Dakota State,,50.5,,,ESPN Bet
2025,regular,2,401767238,2025-09-07T00:00:00.000Z,Abilene Christian,Stephen F. Austin,,51.5,,,ESPN Bet
2025,regular,2,401757229,2025-09-07T01:00:00.000Z,New Mexico State,Tulsa,,52.5,,,Bovada
2025,regular,2,401757231,2025-09-07T01:00:00.000Z,UTEP,UT Martin,,49.5,,,Bovada
2025,regular,2,401767292,2025-09-07T01:00:00.000Z,San Diego,Southern Utah,,53.5,,,ESPN Bet
2025,regular,2,401756879,2025-09-07T02:00:00.000Z,Arizona,Weber State,,56.5,,,Bovada
2025,regular,2,401752948,2025-09-07T02:15:00.000Z,Washington State,San Diego State,,46.5,,,Bovada
2025,regular,2,401754526,2025-09-07T02:15:00.000Z,BYU,Stanford,,44.5,,,Bovada
2025,regular,2,401752821,2025-09-07T03:00:00.000Z,Washington,UC Davis,,54.0,,,Bovada
2025,regular,2,401757230,2025-09-07T03:59:00.000Z,Hawai'i,Sam Houston,,47.5,,,Bovada
2025,regular,3,401754531,2025-09-11T23:30:00.000Z,Wake Forest,NC State,,53.5,,,ESPN Bet
2025,regular,3,401752836,2025-09-12T22:30:00.000Z,Indiana,Indiana State,,,,,
2025,regular,3,401754532,2025-09-12T23:00:00.000Z,Syracuse,Colgate,,,,,
2025,regular,3,401756893,2025-09-12T23:30:00.000Z,Houston,Colorado,,43.5,,,ESPN Bet
2025,regular,3,401756888,2025-09-13T01:00:00.000Z,Arizona,Kansas State,,54.5,,,ESPN Bet
2025,regular,3,401752837,2025-09-13T02:00:00.000Z,UCLA,New Mexico,,52.5,,,ESPN Bet
2025,regular,3,401752696,2025-09-13T16:00:00.000Z,Alabama,Wisconsin,,47.5,,,ESPN Bet
2025,regular,3,401752703,2025-09-13T16:00:00.000Z,Temple,Oklahoma,,51.0,,,Bovada
2025,regular,3,401752828,2025-09-13T16:00:00.000Z,Nebraska,Houston Christian,,,,,
2025,regular,3,401752831,2025-09-13T16:00:00.000Z,Northwestern,Oregon,,50.5,,,Bovada
2025,regular,3,401752838,2025-09-13T16:00:00.000Z,Maryland,Towson,,,,,
2025,regular,3,401752839,2025-09-13T16:00:00.000Z,Michigan,Central Michigan,,42.0,,,Bovada
2025,regular,3,401754619,2025-09-13T16:00:00.000Z,Virginia,William & Mary,,,,,
2025,regular,3,401754623,2025-09-13T16:00:00.000Z,Georgia Tech,Clemson,,58.5,,,ESPN Bet
2025,regular,3,401756891,2025-09-13T16:00:00.000Z,Baylor,Samford,,,,,
2025,regular,3,401761608,2025-09-13T16:00:00.000Z,Troy,Memphis,,51.0,,,Bovada
2025,regular,3,401762817,2025-09-13T16:00:00.000Z,Kent State,Buffalo,,48.5,,,ESPN Bet
2025,regular,3,401752697,2025-09-13T16:45:00.000Z,Auburn,South Alabama,,53.5,,,Bovada
2025,regular,3,401762818,2025-09-13T18:00:00.000Z,Ball State,New Hampshire,,,,,
2025,regular,3,401757168,2025-09-13T19:00:00.000Z,Delaware,UConn,,52.0,,,Bovada
2025,regular,3,401752705,2025-09-13T19:30:00.000Z,Tennessee,Georgia,,50.5,,,DraftKings
2025,regular,3,401752832,2025-09-13T19:30:00.000Z,Purdue,USC,,58.5,,,Bovada
2025,regular,3,401752833,2025-09-13T19:30:00.000Z,Rutgers,Norfolk State,,,,,
2025,regular,3,401752834,2025-09-13T19:30:00.000Z,Michigan State,Youngstown State,,,,,
2025,regular,3,401752835,2025-09-13T19:30:00.000Z,Penn State,Villanova,,,,,
2025,regular,3,401752938,2025-09-13T19:30:00.000Z,Texas Tech,Oregon State,,60.5,,,Bovada
2025,regular,3,401752949,2025-09-13T19:30:00.000Z,North Texas,Washington State,,58.5,,,Bovada
2025,regular,3,401754615,2025-09-13T19:30:00.000Z,Missouri State,SMU,,60.5,,,ESPN Bet
2025,regular,3,401754638,2025-09-13T19:30:00.000Z,West Virginia,Pittsburgh,,57.5,,,ESPN Bet
2025,regular,3,401754639,2025-09-13T19:30:00.000Z,North Carolina,Richmond,,,,,
2025,regular,3,401756892,2025-09-13T19:30:00.000Z,Cincinnati,Northwestern State,,,,,
2025,regular,3,401762467,2025-09-13T19:30:00.000Z,UTSA,Incarnate Word,,,,,
2025,regular,3,401762819,2025-09-13T19:30:00.000Z,Toledo,Morgan State,,,,,
2025,regular,3,401752702,2025-09-13T20:00:00.000Z,Missouri,Louisiana,,49.0,,,Bovada
2025,regular,3,401756890,2025-09-13T20:00:00.000Z,Arkansas State,Iowa State,,55.0,,,Bovada
2025,regular,3,401752706,2025-09-13T20:15:00.000Z,Texas,UTEP,,51.0,,,Bovada
2025,regular,3,401754535,2025-09-13T20:30:00.000Z,Miami,South Florida,,55.0,,,Bovada
2025,regular,3,401757256,2025-09-13T21:00:00.000Z,Bowling Green,Liberty,,51.5,,,Bovada
2025,regular,3,401757258,2025-09-13T21:00:00.000Z,Nevada,Middle Tennessee,,46.5,,,Bovada
2025,regular,3,401752701,2025-09-13T22:00:00.000Z,Mississippi State,Alcorn State,,,,,
2025,regular,3,401757233,2025-09-13T22:00:00.000Z,Florida International,Florida Atlantic,,57.5,,,Bovada
2025,regular,3,401757235,2025-09-13T22:00:00.000Z,Kennesaw State,Merrimack,,,,,
2025,regular,3,401761606,2025-09-13T22:00:00.000Z,Marshall,Eastern Kentucky,,,,,
2025,regular,3,401762464,2025-09-13T22:00:00.000Z,Charlotte,Monmouth,,,,,
2025,regular,3,401752700,2025-09-13T23:00:00.000Z,Ole Miss,Arkansas,,63.0,,,Bovada
2025,regular,3,401752827,2025-09-13T23:00:00.000Z,Ohio State,Ohio,,53.0,,,Bovada
2025,regular,3,401752829,2025-09-13T23:00:00.000Z,Illinois,Western Michigan,,50.0,,,Bovada
2025,regular,3,401754536,2025-09-13T23:00:00.000Z,Virginia Tech,Old Dominion,,51.0,,,Bovada
2025,regular,3,401757234,2025-09-13T23:00:00.000Z,Georgia Southern,Jacksonville State,,58.0,,,Bovada
2025,regular,3,401761605,2025-09-13T23:00:00.000Z,Georgia State,Murray State,,,,,
2025,regular,3,401761607,2025-09-13T23:00:00.000Z,Southern Miss,App State,,54.0,,,Bovada
2025,regular,3,401762466,2025-09-13T23:00:00.000Z,Rice,Prairie View A&M,,,,,
2025,regular,3,401752698,2025-09-13T23:30:00.000Z,Kentucky,Eastern Michigan,,45.0,,,Bovada
2025,regular,3,401752699,2025-09-13T23:30:00.000Z,LSU,Florida,,54.5,,,DraftKings
2025,regular,3,401752707,2025-09-13T23:30:00.000Z,Notre Dame,Texas A&M,,49.5,,,DraftKings
2025,regular,3,401752830,2025-09-13T23:30:00.000Z,Iowa,Massachusetts,,43.5,,,Bovada
2025,regular,3,401757257,2025-09-13T23:30:00.000Z,Louisiana Tech,New Mexico State,,43.0,,,Bovada
2025,regular,3,401761604,2025-09-13T23:30:00.000Z,Coastal Carolina,East Carolina,,54.5,,,Bovada
2025,regular,3,401752704,2025-09-13T23:45:00.000Z,South Carolina,Vanderbilt,,47.0,,,Bovada
2025,regular,3,401754534,2025-09-14T00:00:00.000Z,Tulane,Duke,,53.5,,,Bovada
2025,regular,3,401756894,2025-09-14T00:00:00.000Z,TCU,Abilene Christian,,,,,
2025,regular,3,401756895,2025-09-14T00:00:00.000Z,Wyoming,Utah,,48.0,,,Bovada
2025,regular,3,401762465,2025-09-14T00:00:00.000Z,Tulsa,Navy,,53.5,,,Bovada
2025,regular,3,401762463,2025-09-14T00:30:00.000Z,UAB,Akron,,53.5,,,Bovada
2025,regular,3,401760368,2025-09-14T01:45:00.000Z,Utah State,Air Force,,52.0,,,Bovada
2025,regular,3,401760369,2025-09-14T02:00:00.000Z,Fresno State,Southern,,,,,
2025,regular,3,401752840,2025-09-14T02:30:00.000Z,California,Minnesota,,44.0,,,Bovada
2025,regular,3,401754533,2025-09-14T02:30:00.000Z,Stanford,Boston College,,44.5,,,Bovada
2025,regular,3,401756889,2025-09-14T02:30:00.000Z,Arizona State,Texas State,,58.5,,,Bovada
2025,regular,3,401760370,2025-09-14T03:59:00.000Z,Hawai'i,Portland State,,,,,
2025,regular,4,401762468,2025-09-18T23:30:00.000Z,Charlotte,Rice,,,,,
2025,regular,4,401756900,2025-09-19T23:00:00.000Z,Oklahoma State,Tulsa,,,,,
2025,regular,4,401752844,2025-09-20T00:00:00.000Z,Rutgers,Iowa,,,,,
2025,regular,4,401752708,2025-09-20T04:00:00.000Z,Memphis,Arkansas,,,,,
2025,regular,4,401752709,2025-09-20T04:00:00.000Z,Miami,Florida,,55.5,,,ESPN Bet
2025,regular,4,401752711,2025-09-20T04:00:00.000Z,Ole Miss,Tulane,,,,,
2025,regular,4,401752713,2025-09-20T04:00:00.000Z,Missouri,South Carolina,,,,,
2025,regular,4,401752714,2025-09-20T04:00:00.000Z,Oklahoma,Auburn,,,,,
2025,regular,4,401752841,2025-09-20T04:00:00.000Z,Oregon,Oregon State,,,,,
2025,regular,4,401752843,2025-09-20T04:00:00.000Z,Indiana,Illinois,,,,,
2025,regular,4,401752845,2025-09-20T04:00:00.000Z,Wisconsin,Maryland,,,,,
2025,regular,4,401752847,2025-09-20T04:00:00.000Z,USC,Michigan State,,,,,
2025,regular,4,401754537,2025-09-20T04:00:00.000Z,Clemson,Syracuse,,,,,
2025,regular,4,401754538,2025-09-20T04:00:00.000Z,Duke,NC State,,,,,
2025,regular,4,401754539,2025-09-20T04:00:00.000Z,Virginia,Stanford,,,,,
2025,regular,4,401754541,2025-09-20T04:00:00.000Z,Florida State,Kent State,,,,,
2025,regular,4,401754542,2025-09-20T04:00:00.000Z,Georgia Tech,Temple,,,,,
2025,regular,4,401754617,2025-09-20T04:00:00.000Z,Virginia Tech,Wofford,,,,,
2025,regular,4,401754636,2025-09-20T04:00:00.000Z,TCU,SMU,,,,,
2025,regular,4,401754640,2025-09-20T04:00:00.000Z,UCF,North Carolina,,,,,
2025,regular,4,401754642,2025-09-20T04:00:00.000Z,Louisville,Bowling Green,,,,,
2025,regular,4,401756896,2025-09-20T04:00:00.000Z,Baylor,Arizona State,,,,,
2025,regular,4,401756897,2025-09-20T04:00:00.000Z,Colorado,Wyoming,,,,,
2025,regular,4,401756898,2025-09-20T04:00:00.000Z,East Carolina,BYU,,,,,
2025,regular,4,401756899,2025-09-20T04:00:00.000Z,Kansas,West Virginia,,,,,
2025,regular,4,401756901,2025-09-20T04:00:00.000Z,Utah,Texas Tech,,,,,
2025,regular,4,401760373,2025-09-20T04:00:00.000Z,Colorado State,UTSA,,,,,
2025,regular,4,401760376,2025-09-20T04:00:00.000Z,Miami (OH),UNLV,,,,,
2025,regular,4,401760377,2025-09-20T04:00:00.000Z,Utah State,McNeese,,,,,
2025,regular,4,401761611,2025-09-20T04:00:00.000Z,South Alabama,Coastal Carolina,,,,,
2025,regular,4,401761613,2025-09-20T04:00:00.000Z,Buffalo,Troy,,,,,
2025,regular,4,401762820,2025-09-20T04:00:00.000Z,Western Michigan,Toledo,,,,,
2025,regular,4,401762469,2025-09-20T16:00:00.000Z,Army,North Texas,,,,,
2025,regular,4,401762470,2025-09-20T16:00:00.000Z,South Florida,South Carolina State,,,,,
2025,regular,4,401752715,2025-09-20T16:45:00.000Z,Tennessee,UAB,,,,,
2025,regular,4,401762822,2025-09-20T17:00:00.000Z,Central Michigan,Wagner,,,,,
2025,regular,4,401752846,2025-09-20T19:30:00.000Z,Nebraska,Michigan,,44.5,,,ESPN Bet
2025,regular,4,401752848,2025-09-20T19:30:00.000Z,Notre Dame,Purdue,,,,,
2025,regular,4,401757169,2025-09-20T19:30:00.000Z,UConn,Ball State,,,,,
2025,regular,4,401761610,2025-09-20T19:30:00.000Z,Eastern Michigan,Louisiana,,,,,
2025,regular,4,401762823,2025-09-20T19:30:00.000Z,Ohio,Gardner-Webb,,,,,
2025,regular,4,401752712,2025-09-20T20:15:00.000Z,Mississippi State,Northern Illinois,,,,,
2025,regular,4,401760375,2025-09-20T21:00:00.000Z,San José State,Idaho,,,,,
2025,regular,4,401757259,2025-09-20T22:00:00.000Z,Florida International,Delaware,,,,,
2025,regular,4,401757261,2025-09-20T22:00:00.000Z,Kennesaw State,Arkansas State,,,,,
2025,regular,4,401757262,2025-09-20T22:00:00.000Z,Liberty,James Madison,,,,,
2025,regular,4,401762821,2025-09-20T22:00:00.000Z,Akron,Duquesne,,,,,
2025,regular,4,401757260,2025-09-20T23:00:00.000Z,Jacksonville State,Murray State,,,,,
2025,regular,4,401757264,2025-09-20T23:00:00.000Z,Middle Tennessee,Marshall,,,,,
2025,regular,4,401757265,2025-09-20T23:00:00.000Z,Missouri State,UT Martin,,,,,
2025,regular,4,401757268,2025-09-20T23:00:00.000Z,Western Kentucky,Nevada,,,,,
2025,regular,4,401760372,2025-09-20T23:00:00.000Z,Air Force,Boise State,,,,,
2025,regular,4,401761609,2025-09-20T23:00:00.000Z,Georgia Southern,Maine,,,,,
2025,regular,4,401752716,2025-09-20T23:30:00.000Z,Vanderbilt,Georgia State,,,,,
2025,regular,4,401752842,2025-09-20T23:30:00.000Z,Washington State,Washington,,,,,
2025,regular,4,401757263,2025-09-20T23:30:00.000Z,Louisiana Tech,Southern Miss,,,,,
2025,regular,4,401752710,2025-09-20T23:45:00.000Z,LSU,SE Louisiana,,,,,
2025,regular,4,401752723,2025-09-21T00:00:00.000Z,Texas,Sam Houston,,,,,
2025,regular,4,401761612,2025-09-21T00:00:00.000Z,Texas State,Nicholls,,,,,
2025,regular,4,401757267,2025-09-21T01:00:00.000Z,UTEP,UL Monroe,,,,,
2025,regular,4,401754540,2025-09-21T02:30:00.000Z,San Diego State,California,,,,,
2025,regular,4,401760374,2025-09-21T03:59:00.000Z,Hawai'i,Fresno State,,,,,
2025,regular,5,401762471,2025-09-25T23:30:00.000Z,East Carolina,Army,,,,,
2025,regular,5,401754543,2025-09-26T23:00:00.000Z,Virginia,Florida State,,,,,
2025,regular,5,401756902,2025-09-27T01:00:00.000Z,Arizona State,TCU,,,,,
2025,regular,5,401752939,2025-09-27T02:30:00.000Z,Oregon State,Houston,,,,,
2025,regular,5,401752719,2025-09-27T04:00:00.000Z,Ole Miss,LSU,,56.5,,,ESPN Bet
2025,regular,5,401752720,2025-09-27T04:00:00.000Z,Mississippi State,Tennessee,,,,,
2025,regular,5,401752721,2025-09-27T04:00:00.000Z,Missouri,Massachusetts,,,,,
2025,regular,5,401752722,2025-09-27T04:00:00.000Z,South Carolina,Kentucky,,,,,
2025,regular,5,401752724,2025-09-27T04:00:00.000Z,Texas A&M,Auburn,,,,,
2025,regular,5,401752849,2025-09-27T04:00:00.000Z,Minnesota,Rutgers,,,,,
2025,regular,5,401752850,2025-09-27T04:00:00.000Z,Illinois,USC,,,,,
2025,regular,5,401752851,2025-09-27T04:00:00.000Z,Northwestern,UCLA,,,,,
2025,regular,5,401752852,2025-09-27T04:00:00.000Z,Washington,Ohio State,,,,,
2025,regular,5,401752853,2025-09-27T04:00:00.000Z,Iowa,Indiana,,,,,
2025,regular,5,401754544,2025-09-27T04:00:00.000Z,Boston College,California,,,,,
2025,regular,5,401754545,2025-09-27T04:00:00.000Z,Syracuse,Duke,,,,,
2025,regular,5,401754546,2025-09-27T04:00:00.000Z,Wake Forest,Georgia Tech,,,,,
2025,regular,5,401754547,2025-09-27T04:00:00.000Z,Pittsburgh,Louisville,,,,,
2025,regular,5,401754548,2025-09-27T04:00:00.000Z,NC State,Virginia Tech,,,,,
2025,regular,5,401754549,2025-09-27T04:00:00.000Z,Stanford,San José State,,,,,
2025,regular,5,401756904,2025-09-27T04:00:00.000Z,Iowa State,Arizona,,,,,
2025,regular,5,401756905,2025-09-27T04:00:00.000Z,Kansas,Cincinnati,,,,,
2025,regular,5,401756906,2025-09-27T04:00:00.000Z,Kansas State,UCF,,,,,
2025,regular,5,401756907,2025-09-27T04:00:00.000Z,Oklahoma State,Baylor,,,,,
2025,regular,5,401756908,2025-09-27T04:00:00.000Z,West Virginia,Utah,,,,,
2025,regular,5,401757170,2025-09-27T04:00:00.000Z,Buffalo,UConn,,,,,
2025,regular,5,401757269,2025-09-27T04:00:00.000Z,Southern Miss,Jacksonville State,,,,,
2025,regular,5,401757271,2025-09-27T04:00:00.000Z,Old Dominion,Liberty,,,,,
2025,regular,5,401760378,2025-09-27T04:00:00.000Z,Air Force,Hawai'i,,,,,
2025,regular,5,401760379,2025-09-27T04:00:00.000Z,Boise State,App State,,,,,
2025,regular,5,401760380,2025-09-27T04:00:00.000Z,Northern Illinois,San Diego State,,,,,
2025,regular,5,401761614,2025-09-27T04:00:00.000Z,James Madison,Georgia Southern,,,,,
2025,regular,5,401761615,2025-09-27T04:00:00.000Z,Louisiana,Marshall,,,,,
2025,regular,5,401761616,2025-09-27T04:00:00.000Z,UL Monroe,Arkansas State,,,,,
2025,regular,5,401761617,2025-09-27T04:00:00.000Z,North Texas,South Alabama,,,,,
2025,regular,5,401762472,2025-09-27T04:00:00.000Z,Florida Atlantic,Memphis,,,,,
2025,regular,5,401762474,2025-09-27T04:00:00.000Z,Tulsa,Tulane,,,,,
2025,regular,5,401762825,2025-09-27T04:00:00.000Z,Ohio,Bowling Green,,,,,
2025,regular,5,401762826,2025-09-27T04:00:00.000Z,Central Michigan,Eastern Michigan,,,,,
2025,regular,5,401752717,2025-09-27T16:00:00.000Z,Arkansas,Notre Dame,,,,,
2025,regular,5,401752725,2025-09-27T16:45:00.000Z,Vanderbilt,Utah State,,,,,
2025,regular,5,401762473,2025-09-27T19:30:00.000Z,Navy,Rice,,,,,
2025,regular,5,401762824,2025-09-27T19:30:00.000Z,Toledo,Akron,,,,,
2025,regular,5,401762827,2025-09-27T19:30:00.000Z,Miami (OH),Lindenwood,,,,,
2025,regular,5,401757274,2025-09-27T20:00:00.000Z,New Mexico,New Mexico State,,,,,
2025,regular,5,401757270,2025-09-27T22:00:00.000Z,Kennesaw State,Middle Tennessee,,,,,
2025,regular,5,401762828,2025-09-27T22:30:00.000Z,Western Michigan,Rhode Island,,,,,
2025,regular,5,401757273,2025-09-27T23:00:00.000Z,Missouri State,Western Kentucky,,,,,
2025,regular,5,401752718,2025-09-27T23:30:00.000Z,Georgia,Alabama,,52.5,,,ESPN Bet
2025,regular,5,401752854,2025-09-27T23:30:00.000Z,Penn State,Oregon,,52.5,,,DraftKings
2025,regular,5,401752950,2025-09-27T23:30:00.000Z,Colorado State,Washington State,,,,,
2025,regular,5,401757272,2025-09-28T01:00:00.000Z,UTEP,Louisiana Tech,,,,,
2025,regular,5,401756903,2025-09-28T02:15:00.000Z,Colorado,BYU,,,,,
2025,regular,6,401757275,2025-10-03T01:00:00.000Z,New Mexico State,Sam Houston,,,,,
2025,regular,6,401757276,2025-10-03T23:00:00.000Z,Delaware,Western Kentucky,,,,,
2025,regular,6,401762475,2025-10-03T23:00:00.000Z,South Florida,Charlotte,,,,,
2025,regular,6,401760384,2025-10-04T02:00:00.000Z,San José State,New Mexico,,,,,
2025,regular,6,401756909,2025-10-04T02:30:00.000Z,BYU,West Virginia,,,,,
2025,regular,6,401760382,2025-10-04T02:30:00.000Z,San Diego State,Colorado State,,,,,
2025,regular,6,401752726,2025-10-04T04:00:00.000Z,Alabama,Vanderbilt,,51.5,,,ESPN Bet
2025,regular,6,401752727,2025-10-04T04:00:00.000Z,Florida,Texas,,51.5,,,ESPN Bet
2025,regular,6,401752730,2025-10-04T04:00:00.000Z,Texas A&M,Mississippi State,,,,,
2025,regular,6,401752855,2025-10-04T04:00:00.000Z,UCLA,Penn State,,,,,
2025,regular,6,401752856,2025-10-04T04:00:00.000Z,Michigan,Wisconsin,,,,,
2025,regular,6,401752857,2025-10-04T04:00:00.000Z,Maryland,Washington,,,,,
2025,regular,6,401752858,2025-10-04T04:00:00.000Z,Northwestern,UL Monroe,,,,,
2025,regular,6,401752859,2025-10-04T04:00:00.000Z,Ohio State,Minnesota,,,,,
2025,regular,6,401752860,2025-10-04T04:00:00.000Z,Nebraska,Michigan State,,,,,
2025,regular,6,401752861,2025-10-04T04:00:00.000Z,Purdue,Illinois,,,,,
2025,regular,6,401752940,2025-10-04T04:00:00.000Z,App State,Oregon State,,,,,
2025,regular,6,401754550,2025-10-04T04:00:00.000Z,Pittsburgh,Boston College,,,,,
2025,regular,6,401754551,2025-10-04T04:00:00.000Z,California,Duke,,,,,
2025,regular,6,401754552,2025-10-04T04:00:00.000Z,North Carolina,Clemson,,,,,
2025,regular,6,401754553,2025-10-04T04:00:00.000Z,Florida State,Miami,,53.5,,,ESPN Bet
2025,regular,6,401754554,2025-10-04T04:00:00.000Z,Louisville,Virginia,,,,,
2025,regular,6,401754555,2025-10-04T04:00:00.000Z,SMU,Syracuse,,,,,
2025,regular,6,401754556,2025-10-04T04:00:00.000Z,Virginia Tech,Wake Forest,,,,,
2025,regular,6,401754557,2025-10-04T04:00:00.000Z,NC State,Campbell,,,,,
2025,regular,6,401756910,2025-10-04T04:00:00.000Z,Arizona,Oklahoma State,,,,,
2025,regular,6,401756911,2025-10-04T04:00:00.000Z,Baylor,Kansas State,,,,,
2025,regular,6,401756912,2025-10-04T04:00:00.000Z,Cincinnati,Iowa State,,,,,
2025,regular,6,401756913,2025-10-04T04:00:00.000Z,Houston,Texas Tech,,,,,
2025,regular,6,401756914,2025-10-04T04:00:00.000Z,TCU,Colorado,,,,,
2025,regular,6,401756915,2025-10-04T04:00:00.000Z,UCF,Kansas,,,,,
2025,regular,6,401761618,2025-10-04T04:00:00.000Z,Georgia State,James Madison,,,,,
2025,regular,6,401761619,2025-10-04T04:00:00.000Z,Old Dominion,Coastal Carolina,,,,,
2025,regular,6,401761621,2025-10-04T04:00:00.000Z,Troy,South Alabama,,,,,
2025,regular,6,401762476,2025-10-04T04:00:00.000Z,UAB,Army,,,,,
2025,regular,6,401762477,2025-10-04T04:00:00.000Z,Rice,Florida Atlantic,,,,,
2025,regular,6,401762478,2025-10-04T04:00:00.000Z,Memphis,Tulsa,,,,,
2025,regular,6,401762479,2025-10-04T04:00:00.000Z,Temple,UTSA,,,,,
2025,regular,6,401762832,2025-10-04T04:00:00.000Z,Massachusetts,Western Michigan,,,,,
2025,regular,6,401762873,2025-10-04T04:00:00.000Z,Northern Illinois,Miami (OH),,,,,
2025,regular,6,401752728,2025-10-04T16:00:00.000Z,Georgia,Kentucky,,,,,
2025,regular,6,401760381,2025-10-04T16:00:00.000Z,Navy,Air Force,,,,,
2025,regular,6,401762830,2025-10-04T16:00:00.000Z,Ball State,Ohio,,,,,
2025,regular,6,401757165,2025-10-04T19:30:00.000Z,Notre Dame,Boise State,,53.5,,,ESPN Bet
2025,regular,6,401757171,2025-10-04T19:30:00.000Z,UConn,Florida International,,,,,
2025,regular,6,401762829,2025-10-04T19:30:00.000Z,Akron,Central Michigan,,,,,
2025,regular,6,401762831,2025-10-04T19:30:00.000Z,Buffalo,Eastern Michigan,,,,,
2025,regular,6,401752729,2025-10-04T20:00:00.000Z,Oklahoma,Kent State,,,,,
2025,regular,6,401760385,2025-10-04T23:00:00.000Z,Wyoming,UNLV,,,,,
2025,regular,6,401761620,2025-10-04T23:00:00.000Z,Arkansas State,Texas State,,,,,
2025,regular,6,401760383,2025-10-05T02:30:00.000Z,Fresno State,Nevada,,,,,
2025,regular,7,401757278,2025-10-08T23:30:00.000Z,Middle Tennessee,Missouri State,,,,,
2025,regular,7,401757277,2025-10-09T00:00:00.000Z,UTEP,Liberty,,,,,
2025,regular,7,401761622,2025-10-09T04:00:00.000Z,Georgia Southern,Southern Miss,,,,,
2025,regular,7,401762480,2025-10-09T04:00:00.000Z,Tulane,East Carolina,,,,,
2025,regular,7,401757280,2025-10-09T23:00:00.000Z,Kennesaw State,Louisiana Tech,,,,,
2025,regular,7,401757279,2025-10-10T00:00:00.000Z,Sam Houston,Jacksonville State,,,,,
2025,regular,7,401762481,2025-10-10T23:30:00.000Z,North Texas,South Florida,,,,,
2025,regular,7,401752862,2025-10-11T01:00:00.000Z,Washington,Rutgers,,,,,
2025,regular,7,401760388,2025-10-11T01:00:00.000Z,Colorado State,Fresno State,,,,,
2025,regular,7,401752731,2025-10-11T04:00:00.000Z,Auburn,Georgia,,50.5,,,ESPN Bet
2025,regular,7,401752732,2025-10-11T04:00:00.000Z,LSU,South Carolina,,,,,
2025,regular,7,401752735,2025-10-11T04:00:00.000Z,Tennessee,Arkansas,,,,,
2025,regular,7,401752737,2025-10-11T04:00:00.000Z,Texas A&M,Florida,,,,,
2025,regular,7,401752864,2025-10-11T04:00:00.000Z,Minnesota,Purdue,,,,,
2025,regular,7,401752865,2025-10-11T04:00:00.000Z,Illinois,Ohio State,,50.5,,,ESPN Bet
2025,regular,7,401752866,2025-10-11T04:00:00.000Z,Penn State,Northwestern,,,,,
2025,regular,7,401752867,2025-10-11T04:00:00.000Z,Maryland,Nebraska,,,,,
2025,regular,7,401752868,2025-10-11T04:00:00.000Z,USC,Michigan,,,,,
2025,regular,7,401752869,2025-10-11T04:00:00.000Z,Wisconsin,Iowa,,,,,
2025,regular,7,401752870,2025-10-11T04:00:00.000Z,Oregon,Indiana,,55.5,,,ESPN Bet
2025,regular,7,401754558,2025-10-11T04:00:00.000Z,Boston College,Clemson,,,,,
2025,regular,7,401754559,2025-10-11T04:00:00.000Z,Florida State,Pittsburgh,,,,,
2025,regular,7,401754560,2025-10-11T04:00:00.000Z,Georgia Tech,Virginia Tech,,,,,
2025,regular,7,401754561,2025-10-11T04:00:00.000Z,SMU,Stanford,,,,,
2025,regular,7,401756916,2025-10-11T04:00:00.000Z,Arizona,BYU,,,,,
2025,regular,7,401756917,2025-10-11T04:00:00.000Z,Cincinnati,UCF,,,,,
2025,regular,7,401756918,2025-10-11T04:00:00.000Z,Colorado,Iowa State,,,,,
2025,regular,7,401756919,2025-10-11T04:00:00.000Z,Kansas State,TCU,,,,,
2025,regular,7,401756920,2025-10-11T04:00:00.000Z,Oklahoma State,Houston,,,,,
2025,regular,7,401756921,2025-10-11T04:00:00.000Z,Texas Tech,Kansas,,,,,
2025,regular,7,401756922,2025-10-11T04:00:00.000Z,Utah,Arizona State,,,,,
2025,regular,7,401760387,2025-10-11T04:00:00.000Z,Boise State,New Mexico,,,,,
2025,regular,7,401761623,2025-10-11T04:00:00.000Z,Coastal Carolina,UL Monroe,,,,,
2025,regular,7,401761624,2025-10-11T04:00:00.000Z,Georgia State,App State,,,,,
2025,regular,7,401761625,2025-10-11T04:00:00.000Z,James Madison,Louisiana,,,,,
2025,regular,7,401761626,2025-10-11T04:00:00.000Z,Marshall,Old Dominion,,,,,
2025,regular,7,401761627,2025-10-11T04:00:00.000Z,Texas State,Troy,,,,,
2025,regular,7,401762482,2025-10-11T04:00:00.000Z,Florida Atlantic,UAB,,,,,
2025,regular,7,401762484,2025-10-11T04:00:00.000Z,Temple,Navy,,,,,
2025,regular,7,401762485,2025-10-11T04:00:00.000Z,UTSA,Rice,,,,,
2025,regular,7,401762833,2025-10-11T04:00:00.000Z,Akron,Miami (OH),,,,,
2025,regular,7,401762835,2025-10-11T04:00:00.000Z,Bowling Green,Toledo,,,,,
2025,regular,7,401762836,2025-10-11T04:00:00.000Z,Eastern Michigan,Northern Illinois,,,,,
2025,regular,7,401762837,2025-10-11T04:00:00.000Z,Kent State,Massachusetts,,,,,
2025,regular,7,401752734,2025-10-11T16:00:00.000Z,Missouri,Alabama,,,,,
2025,regular,7,401752863,2025-10-11T16:00:00.000Z,Michigan State,UCLA,,,,,
2025,regular,7,401762483,2025-10-11T16:00:00.000Z,Army,Charlotte,,,,,
2025,regular,7,401752733,2025-10-11T16:45:00.000Z,Ole Miss,Washington State,,,,,
2025,regular,7,401752736,2025-10-11T19:30:00.000Z,Texas,Oklahoma,,56.5,,,ESPN Bet
2025,regular,7,401754562,2025-10-11T19:30:00.000Z,Notre Dame,NC State,,,,,
2025,regular,7,401754563,2025-10-11T19:30:00.000Z,Oregon State,Wake Forest,,,,,
2025,regular,7,401760386,2025-10-11T19:30:00.000Z,UNLV,Air Force,,,,,
2025,regular,7,401762834,2025-10-11T19:30:00.000Z,Western Michigan,Ball State,,,,,
2025,regular,7,401760391,2025-10-11T23:00:00.000Z,Wyoming,San José State,,,,,
2025,regular,7,401760390,2025-10-12T02:30:00.000Z,Nevada,San Diego State,,,,,
2025,regular,7,401760389,2025-10-12T03:59:00.000Z,Hawai'i,Utah State,,,,,
2025,regular,8,401757282,2025-10-14T23:00:00.000Z,Liberty,New Mexico State,,,,,
2025,regular,8,401761628,2025-10-14T23:30:00.000Z,South Alabama,Arkansas State,,,,,
2025,regular,8,401757281,2025-10-15T00:00:00.000Z,Western Kentucky,Florida International,,,,,
2025,regular,8,401757283,2025-10-15T23:00:00.000Z,Jacksonville State,Delaware,,,,,
2025,regular,8,401757284,2025-10-15T23:00:00.000Z,Sam Houston,UTEP,,,,,
2025,regular,8,401762486,2025-10-16T23:30:00.000Z,East Carolina,Tulsa,,,,,
2025,regular,8,401754564,2025-10-17T23:00:00.000Z,Miami,Louisville,,,,,
2025,regular,8,401752872,2025-10-18T00:00:00.000Z,Minnesota,Nebraska,,,,,
2025,regular,8,401760396,2025-10-18T01:00:00.000Z,Utah State,San José State,,,,,
2025,regular,8,401754371,2025-10-18T02:30:00.000Z,California,North Carolina,,,,,
2025,regular,8,401752738,2025-10-18T04:00:00.000Z,Alabama,Tennessee,,52.5,,,ESPN Bet
2025,regular,8,401752739,2025-10-18T04:00:00.000Z,Arkansas,Texas A&M,,,,,
2025,regular,8,401752740,2025-10-18T04:00:00.000Z,Auburn,Missouri,,,,,
2025,regular,8,401752741,2025-10-18T04:00:00.000Z,Florida,Mississippi State,,,,,
2025,regular,8,401752742,2025-10-18T04:00:00.000Z,Georgia,Ole Miss,,53.5,,,ESPN Bet
2025,regular,8,401752743,2025-10-18T04:00:00.000Z,Kentucky,Texas,,,,,
2025,regular,8,401752744,2025-10-18T04:00:00.000Z,South Carolina,Oklahoma,,,,,
2025,regular,8,401752745,2025-10-18T04:00:00.000Z,Vanderbilt,LSU,,,,,
2025,regular,8,401752873,2025-10-18T04:00:00.000Z,Michigan,Washington,,47.5,,,ESPN Bet
2025,regular,8,401752874,2025-10-18T04:00:00.000Z,Northwestern,Purdue,,,,,
2025,regular,8,401752875,2025-10-18T04:00:00.000Z,Iowa,Penn State,,44.5,,,ESPN Bet
2025,regular,8,401752876,2025-10-18T04:00:00.000Z,Rutgers,Oregon,,,,,
2025,regular,8,401752877,2025-10-18T04:00:00.000Z,Wisconsin,Ohio State,,,,,
2025,regular,8,401752878,2025-10-18T04:00:00.000Z,Indiana,Michigan State,,,,,
2025,regular,8,401752879,2025-10-18T04:00:00.000Z,UCLA,Maryland,,,,,
2025,regular,8,401754565,2025-10-18T04:00:00.000Z,Clemson,SMU,,,,,
2025,regular,8,401754566,2025-10-18T04:00:00.000Z,Duke,Georgia Tech,,,,,
2025,regular,8,401754568,2025-10-18T04:00:00.000Z,Syracuse,Pittsburgh,,,,,
2025,regular,8,401754569,2025-10-18T04:00:00.000Z,Boston College,UConn,,,,,
2025,regular,8,401756923,2025-10-18T04:00:00.000Z,Arizona State,Texas Tech,,,,,
2025,regular,8,401756924,2025-10-18T04:00:00.000Z,BYU,Utah,,,,,
2025,regular,8,401756925,2025-10-18T04:00:00.000Z,Houston,Arizona,,,,,
2025,regular,8,401756926,2025-10-18T04:00:00.000Z,Oklahoma State,Cincinnati,,,,,
2025,regular,8,401756927,2025-10-18T04:00:00.000Z,TCU,Baylor,,,,,
2025,regular,8,401756928,2025-10-18T04:00:00.000Z,UCF,West Virginia,,,,,
2025,regular,8,401760393,2025-10-18T04:00:00.000Z,Boise State,UNLV,,,,,
2025,regular,8,401760395,2025-10-18T04:00:00.000Z,New Mexico,Nevada,,,,,
2025,regular,8,401761629,2025-10-18T04:00:00.000Z,App State,Coastal Carolina,,,,,
2025,regular,8,401761630,2025-10-18T04:00:00.000Z,Georgia Southern,Georgia State,,,,,
2025,regular,8,401761631,2025-10-18T04:00:00.000Z,James Madison,Old Dominion,,,,,
2025,regular,8,401761632,2025-10-18T04:00:00.000Z,Marshall,Texas State,,,,,
2025,regular,8,401761633,2025-10-18T04:00:00.000Z,UL Monroe,Troy,,,,,
2025,regular,8,401761668,2025-10-18T04:00:00.000Z,Louisiana,Southern Miss,,,,,
2025,regular,8,401762487,2025-10-18T04:00:00.000Z,UAB,Memphis,,,,,
2025,regular,8,401762488,2025-10-18T04:00:00.000Z,Tulane,Army,,,,,
2025,regular,8,401762489,2025-10-18T04:00:00.000Z,Charlotte,Temple,,,,,
2025,regular,8,401762490,2025-10-18T04:00:00.000Z,South Florida,Florida Atlantic,,,,,
2025,regular,8,401762491,2025-10-18T04:00:00.000Z,North Texas,UTSA,,,,,
2025,regular,8,401762839,2025-10-18T04:00:00.000Z,Bowling Green,Central Michigan,,,,,
2025,regular,8,401762840,2025-10-18T04:00:00.000Z,Massachusetts,Buffalo,,,,,
2025,regular,8,401762841,2025-10-18T04:00:00.000Z,Miami (OH),Eastern Michigan,,,,,
2025,regular,8,401762842,2025-10-18T04:00:00.000Z,Toledo,Kent State,,,,,
2025,regular,8,401762843,2025-10-18T04:00:00.000Z,Ohio,Northern Illinois,,,,,
2025,regular,8,401760392,2025-10-18T19:30:00.000Z,Air Force,Wyoming,,,,,
2025,regular,8,401762838,2025-10-18T19:30:00.000Z,Ball State,Akron,,,,,
2025,regular,8,401752951,2025-10-18T22:30:00.000Z,Virginia,Washington State,,,,,
2025,regular,8,401760394,2025-10-18T23:00:00.000Z,Colorado State,Hawai'i,,,,,
2025,regular,8,401752871,2025-10-18T23:30:00.000Z,Notre Dame,USC,,53.5,,,ESPN Bet
2025,regular,8,401752941,2025-10-19T02:00:00.000Z,Oregon State,Lafayette,,,,,
2025,regular,8,401754567,2025-10-19T02:30:00.000Z,Stanford,Florida State,,,,,
2025,regular,9,401757285,2025-10-21T23:00:00.000Z,Florida International,Kennesaw State,,,,,
2025,regular,9,401757286,2025-10-21T23:30:00.000Z,Louisiana Tech,Western Kentucky,,,,,
2025,regular,9,401757287,2025-10-22T23:30:00.000Z,Delaware,Middle Tennessee,,,,,
2025,regular,9,401757288,2025-10-23T01:00:00.000Z,New Mexico State,Missouri State,,,,,
2025,regular,9,401761634,2025-10-23T23:30:00.000Z,Georgia State,South Alabama,,,,,
2025,regular,9,401762492,2025-10-24T23:00:00.000Z,Charlotte,North Texas,,,,,
2025,regular,9,401754372,2025-10-24T23:30:00.000Z,Virginia Tech,California,,,,,
2025,regular,9,401760397,2025-10-25T02:00:00.000Z,Nevada,Boise State,,,,,
2025,regular,9,401752746,2025-10-25T04:00:00.000Z,Arkansas,Auburn,,,,,
2025,regular,9,401752747,2025-10-25T04:00:00.000Z,Kentucky,Tennessee,,,,,
2025,regular,9,401752748,2025-10-25T04:00:00.000Z,LSU,Texas A&M,,53.5,,,ESPN Bet
2025,regular,9,401752749,2025-10-25T04:00:00.000Z,Mississippi State,Texas,,,,,
2025,regular,9,401752750,2025-10-25T04:00:00.000Z,Oklahoma,Ole Miss,,,,,
2025,regular,9,401752751,2025-10-25T04:00:00.000Z,South Carolina,Alabama,,,,,
2025,regular,9,401752752,2025-10-25T04:00:00.000Z,Vanderbilt,Missouri,,,,,
2025,regular,9,401752880,2025-10-25T04:00:00.000Z,Washington,Illinois,,,,,
2025,regular,9,401752881,2025-10-25T04:00:00.000Z,Michigan State,Michigan,,46.5,,,ESPN Bet
2025,regular,9,401752882,2025-10-25T04:00:00.000Z,Iowa,Minnesota,,,,,
2025,regular,9,401752883,2025-10-25T04:00:00.000Z,Nebraska,Northwestern,,,,,
2025,regular,9,401752884,2025-10-25T04:00:00.000Z,Purdue,Rutgers,,,,,
2025,regular,9,401752885,2025-10-25T04:00:00.000Z,Indiana,UCLA,,,,,
2025,regular,9,401752886,2025-10-25T04:00:00.000Z,Oregon,Wisconsin,,,,,
2025,regular,9,401752942,2025-10-25T04:00:00.000Z,Wake Forest,SMU,,,,,
2025,regular,9,401754570,2025-10-25T04:00:00.000Z,Louisville,Boston College,,,,,
2025,regular,9,401754571,2025-10-25T04:00:00.000Z,Georgia Tech,Syracuse,,,,,
2025,regular,9,401754572,2025-10-25T04:00:00.000Z,Miami,Stanford,,,,,
2025,regular,9,401754573,2025-10-25T04:00:00.000Z,North Carolina,Virginia,,,,,
2025,regular,9,401754574,2025-10-25T04:00:00.000Z,Pittsburgh,NC State,,,,,
2025,regular,9,401756929,2025-10-25T04:00:00.000Z,Arizona State,Houston,,,,,
2025,regular,9,401756930,2025-10-25T04:00:00.000Z,Cincinnati,Baylor,,,,,
2025,regular,9,401756931,2025-10-25T04:00:00.000Z,Iowa State,BYU,,,,,
2025,regular,9,401756932,2025-10-25T04:00:00.000Z,Kansas,Kansas State,,53.5,,,ESPN Bet
2025,regular,9,401756933,2025-10-25T04:00:00.000Z,Texas Tech,Oklahoma State,,,,,
2025,regular,9,401756934,2025-10-25T04:00:00.000Z,Utah,Colorado,,55.5,,,ESPN Bet
2025,regular,9,401756935,2025-10-25T04:00:00.000Z,West Virginia,TCU,,,,,
2025,regular,9,401757172,2025-10-25T04:00:00.000Z,Rice,UConn,,,,,
2025,regular,9,401760399,2025-10-25T04:00:00.000Z,Fresno State,San Diego State,,,,,
2025,regular,9,401760400,2025-10-25T04:00:00.000Z,New Mexico,Utah State,,,,,
2025,regular,9,401761635,2025-10-25T04:00:00.000Z,Old Dominion,App State,,,,,
2025,regular,9,401761637,2025-10-25T04:00:00.000Z,Southern Miss,UL Monroe,,,,,
2025,regular,9,401761638,2025-10-25T04:00:00.000Z,Troy,Louisiana,,,,,
2025,regular,9,401762494,2025-10-25T04:00:00.000Z,Memphis,South Florida,,,,,
2025,regular,9,401762495,2025-10-25T04:00:00.000Z,Tulsa,Temple,,,,,
2025,regular,9,401762844,2025-10-25T04:00:00.000Z,Buffalo,Akron,,,,,
2025,regular,9,401762845,2025-10-25T04:00:00.000Z,Northern Illinois,Ball State,,,,,
2025,regular,9,401762846,2025-10-25T04:00:00.000Z,Kent State,Bowling Green,,,,,
2025,regular,9,401762847,2025-10-25T04:00:00.000Z,Central Michigan,Massachusetts,,,,,
2025,regular,9,401762848,2025-10-25T04:00:00.000Z,Eastern Michigan,Ohio,,,,,
2025,regular,9,401752952,2025-10-25T19:30:00.000Z,Washington State,Toledo,,,,,
2025,regular,9,401762493,2025-10-25T19:30:00.000Z,Navy,Florida Atlantic,,,,,
2025,regular,9,401762874,2025-10-25T19:30:00.000Z,Miami (OH),Western Michigan,,,,,
2025,regular,9,401761636,2025-10-25T23:00:00.000Z,Arkansas State,Georgia Southern,,,,,
2025,regular,9,401760398,2025-10-25T23:30:00.000Z,Wyoming,Colorado State,,,,,
2025,regular,10,401757289,2025-10-29T00:00:00.000Z,Kennesaw State,UTEP,,,,,
2025,regular,10,401761639,2025-10-29T00:00:00.000Z,Texas State,James Madison,,,,,
2025,regular,10,401757292,2025-10-29T23:30:00.000Z,Middle Tennessee,Jacksonville State,,,,,
2025,regular,10,401757291,2025-10-30T00:00:00.000Z,Missouri State,Florida International,,,,,
2025,regular,10,401761640,2025-10-30T23:30:00.000Z,Coastal Carolina,Marshall,,,,,
2025,regular,10,401762443,2025-10-30T23:30:00.000Z,UTSA,Tulane,,,,,
2025,regular,10,401762497,2025-10-31T23:00:00.000Z,Rice,Memphis,,,,,
2025,regular,10,401754575,2025-10-31T23:30:00.000Z,Syracuse,North Carolina,,,,,
2025,regular,10,401757290,2025-11-01T00:00:00.000Z,Louisiana Tech,Sam Houston,,,,,
2025,regular,10,401752753,2025-11-01T04:00:00.000Z,Arkansas,Mississippi State,,,,,
2025,regular,10,401752754,2025-11-01T04:00:00.000Z,Auburn,Kentucky,,,,,
2025,regular,10,401752756,2025-11-01T04:00:00.000Z,Ole Miss,South Carolina,,,,,
2025,regular,10,401752757,2025-11-01T04:00:00.000Z,Tennessee,Oklahoma,,,,,
2025,regular,10,401752887,2025-11-01T04:00:00.000Z,Maryland,Indiana,,,,,
2025,regular,10,401752888,2025-11-01T04:00:00.000Z,Minnesota,Michigan State,,,,,
2025,regular,10,401752889,2025-11-01T04:00:00.000Z,Ohio State,Penn State,,50.5,,,ESPN Bet
2025,regular,10,401752890,2025-11-01T04:00:00.000Z,Michigan,Purdue,,,,,
2025,regular,10,401752891,2025-11-01T04:00:00.000Z,Illinois,Rutgers,,,,,
2025,regular,10,401752892,2025-11-01T04:00:00.000Z,Nebraska,USC,,,,,
2025,regular,10,401754576,2025-11-01T04:00:00.000Z,California,Virginia,,,,,
2025,regular,10,401754577,2025-11-01T04:00:00.000Z,Clemson,Duke,,,,,
2025,regular,10,401754578,2025-11-01T04:00:00.000Z,Florida State,Wake Forest,,,,,
2025,regular,10,401754579,2025-11-01T04:00:00.000Z,NC State,Georgia Tech,,,,,
2025,regular,10,401754580,2025-11-01T04:00:00.000Z,Virginia Tech,Louisville,,,,,
2025,regular,10,401754581,2025-11-01T04:00:00.000Z,SMU,Miami,,,,,
2025,regular,10,401754582,2025-11-01T04:00:00.000Z,Stanford,Pittsburgh,,,,,
2025,regular,10,401754583,2025-11-01T04:00:00.000Z,Boston College,Notre Dame,,,,,
2025,regular,10,401756936,2025-11-01T04:00:00.000Z,Baylor,UCF,,,,,
2025,regular,10,401756937,2025-11-01T04:00:00.000Z,Colorado,Arizona,,,,,
2025,regular,10,401756938,2025-11-01T04:00:00.000Z,Houston,West Virginia,,,,,
2025,regular,10,401756939,2025-11-01T04:00:00.000Z,Iowa State,Arizona State,,,,,
2025,regular,10,401756940,2025-11-01T04:00:00.000Z,Kansas,Oklahoma State,,,,,
2025,regular,10,401756941,2025-11-01T04:00:00.000Z,Kansas State,Texas Tech,,60.5,,,ESPN Bet
2025,regular,10,401756942,2025-11-01T04:00:00.000Z,Utah,Cincinnati,,,,,
2025,regular,10,401760402,2025-11-01T04:00:00.000Z,Boise State,Fresno State,,,,,
2025,regular,10,401761641,2025-11-01T04:00:00.000Z,UL Monroe,Old Dominion,,,,,
2025,regular,10,401761642,2025-11-01T04:00:00.000Z,South Alabama,Louisiana,,,,,
2025,regular,10,401761643,2025-11-01T04:00:00.000Z,Troy,Arkansas State,,,,,
2025,regular,10,401762498,2025-11-01T04:00:00.000Z,Temple,East Carolina,,,,,
2025,regular,10,401762499,2025-11-01T04:00:00.000Z,North Texas,Navy,,,,,
2025,regular,10,401762849,2025-11-01T04:00:00.000Z,Bowling Green,Buffalo,,,,,
2025,regular,10,401762850,2025-11-01T04:00:00.000Z,Western Michigan,Central Michigan,,,,,
2025,regular,10,401752758,2025-11-01T16:00:00.000Z,Texas,Vanderbilt,,,,,
2025,regular,10,401757173,2025-11-01T16:00:00.000Z,UConn,UAB,,,,,
2025,regular,10,401760401,2025-11-01T16:00:00.000Z,Air Force,Army,,,,,
2025,regular,10,401760404,2025-11-01T19:00:00.000Z,UNLV,New Mexico,,,,,
2025,regular,10,401752755,2025-11-01T19:30:00.000Z,Florida,Georgia,,51.5,,,ESPN Bet
2025,regular,10,401757293,2025-11-01T19:30:00.000Z,Liberty,Delaware,,,,,
2025,regular,10,401757294,2025-11-01T19:30:00.000Z,Western Kentucky,New Mexico State,,,,,
2025,regular,10,401760405,2025-11-01T23:00:00.000Z,San Diego State,Wyoming,,,,,
2025,regular,10,401752943,2025-11-01T23:30:00.000Z,Oregon State,Washington State,,,,,
2025,regular,10,401760403,2025-11-02T02:30:00.000Z,San José State,Hawai'i,,,,,
2025,regular,11,401762851,2025-11-05T00:00:00.000Z,Akron,Massachusetts,,,,,
2025,regular,11,401762852,2025-11-05T00:00:00.000Z,Ohio,Miami (OH),,,,,
2025,regular,11,401762853,2025-11-05T05:00:00.000Z,Ball State,Kent State,,,,,
2025,regular,11,401762854,2025-11-05T05:00:00.000Z,Toledo,Northern Illinois,,,,,
2025,regular,11,401761644,2025-11-07T00:30:00.000Z,App State,Georgia Southern,,,,,
2025,regular,11,401762500,2025-11-07T00:30:00.000Z,South Florida,UTSA,,,,,
2025,regular,11,401756946,2025-11-07T05:00:00.000Z,UCF,Houston,,,,,
2025,regular,11,401752896,2025-11-08T02:00:00.000Z,USC,Northwestern,,,,,
2025,regular,11,401762501,2025-11-08T02:00:00.000Z,Memphis,Tulane,,,,,
2025,regular,11,401752759,2025-11-08T05:00:00.000Z,Alabama,LSU,,54.5,,,ESPN Bet
2025,regular,11,401752760,2025-11-08T05:00:00.000Z,Kentucky,Florida,,,,,
2025,regular,11,401752763,2025-11-08T05:00:00.000Z,Missouri,Texas A&M,,,,,
2025,regular,11,401752764,2025-11-08T05:00:00.000Z,Vanderbilt,Auburn,,,,,
2025,regular,11,401752893,2025-11-08T05:00:00.000Z,Penn State,Indiana,,53.5,,,ESPN Bet
2025,regular,11,401752894,2025-11-08T05:00:00.000Z,Rutgers,Maryland,,,,,
2025,regular,11,401752895,2025-11-08T05:00:00.000Z,UCLA,Nebraska,,,,,
2025,regular,11,401752897,2025-11-08T05:00:00.000Z,Purdue,Ohio State,,,,,
2025,regular,11,401752898,2025-11-08T05:00:00.000Z,Iowa,Oregon,,,,,
2025,regular,11,401752899,2025-11-08T05:00:00.000Z,Wisconsin,Washington,,,,,
2025,regular,11,401754584,2025-11-08T05:00:00.000Z,Boston College,SMU,,,,,
2025,regular,11,401754585,2025-11-08T05:00:00.000Z,Louisville,California,,,,,
2025,regular,11,401754586,2025-11-08T05:00:00.000Z,Clemson,Florida State,,55.5,,,DraftKings
2025,regular,11,401754587,2025-11-08T05:00:00.000Z,Miami,Syracuse,,,,,
2025,regular,11,401754588,2025-11-08T05:00:00.000Z,North Carolina,Stanford,,,,,
2025,regular,11,401754589,2025-11-08T05:00:00.000Z,Virginia,Wake Forest,,,,,
2025,regular,11,401756943,2025-11-08T05:00:00.000Z,Arizona,Kansas,,,,,
2025,regular,11,401756944,2025-11-08T05:00:00.000Z,TCU,Iowa State,,,,,
2025,regular,11,401756945,2025-11-08T05:00:00.000Z,Texas Tech,BYU,,,,,
2025,regular,11,401756947,2025-11-08T05:00:00.000Z,West Virginia,Colorado,,,,,
2025,regular,11,401760406,2025-11-08T05:00:00.000Z,San José State,Air Force,,,,,
2025,regular,11,401760407,2025-11-08T05:00:00.000Z,Colorado State,UNLV,,,,,
2025,regular,11,401761645,2025-11-08T05:00:00.000Z,Coastal Carolina,Georgia State,,,,,
2025,regular,11,401761646,2025-11-08T05:00:00.000Z,Marshall,James Madison,,,,,
2025,regular,11,401761647,2025-11-08T05:00:00.000Z,Arkansas State,Southern Miss,,,,,
2025,regular,11,401761648,2025-11-08T05:00:00.000Z,Louisiana,Texas State,,,,,
2025,regular,11,401762502,2025-11-08T05:00:00.000Z,Rice,UAB,,,,,
2025,regular,11,401762504,2025-11-08T05:00:00.000Z,East Carolina,Charlotte,,,,,
2025,regular,11,401762505,2025-11-08T05:00:00.000Z,Florida Atlantic,Tulsa,,,,,
2025,regular,11,401762855,2025-11-08T05:00:00.000Z,Eastern Michigan,Bowling Green,,,,,
2025,regular,11,401752762,2025-11-08T17:00:00.000Z,Mississippi State,Georgia,,,,,
2025,regular,11,401762503,2025-11-08T17:00:00.000Z,Army,Temple,,,,,
2025,regular,11,401752761,2025-11-08T18:00:00.000Z,Ole Miss,The Citadel,,,,,
2025,regular,11,401757299,2025-11-08T18:00:00.000Z,Liberty,Missouri State,,,,,
2025,regular,11,401757295,2025-11-08T20:00:00.000Z,Delaware,Louisiana Tech,,,,,
2025,regular,11,401757296,2025-11-08T20:00:00.000Z,Middle Tennessee,Florida International,,,,,
2025,regular,11,401757297,2025-11-08T20:00:00.000Z,UTEP,Jacksonville State,,,,,
2025,regular,11,401754590,2025-11-08T20:30:00.000Z,UConn,Duke,,,,,
2025,regular,11,401757298,2025-11-08T21:00:00.000Z,New Mexico State,Kennesaw State,,,,,
2025,regular,11,401757166,2025-11-09T00:30:00.000Z,Notre Dame,Navy,,,,,
2025,regular,11,401760409,2025-11-09T00:30:00.000Z,Utah State,Nevada,,,,,
2025,regular,11,401752944,2025-11-09T03:00:00.000Z,Oregon State,Sam Houston,,,,,
2025,regular,11,401760408,2025-11-09T04:00:00.000Z,Hawai'i,San Diego State,,,,,
2025,regular,12,401762856,2025-11-12T00:30:00.000Z,Akron,Kent State,,,,,
2025,regular,12,401762857,2025-11-12T00:30:00.000Z,Western Michigan,Ohio,,,,,
2025,regular,12,401762858,2025-11-13T00:00:00.000Z,Central Michigan,Buffalo,,,,,
2025,regular,12,401762859,2025-11-13T00:00:00.000Z,Massachusetts,Northern Illinois,,,,,
2025,regular,12,401762860,2025-11-13T00:00:00.000Z,Miami (OH),Toledo,,,,,
2025,regular,12,401761649,2025-11-14T00:30:00.000Z,Old Dominion,Troy,,,,,
2025,regular,12,401754591,2025-11-15T01:00:00.000Z,Louisville,Clemson,,60.5,,,DraftKings
2025,regular,12,401752904,2025-11-15T02:00:00.000Z,Oregon,Minnesota,,,,,
2025,regular,12,401752765,2025-11-15T05:00:00.000Z,Alabama,Oklahoma,,56.5,,,DraftKings
2025,regular,12,401752766,2025-11-15T05:00:00.000Z,Georgia,Texas,,51.5,,,ESPN Bet
2025,regular,12,401752768,2025-11-15T05:00:00.000Z,LSU,Arkansas,,,,,
2025,regular,12,401752769,2025-11-15T05:00:00.000Z,Ole Miss,Florida,,,,,
2025,regular,12,401752770,2025-11-15T05:00:00.000Z,Missouri,Mississippi State,,,,,
2025,regular,12,401752772,2025-11-15T05:00:00.000Z,Texas A&M,South Carolina,,,,,
2025,regular,12,401752900,2025-11-15T05:00:00.000Z,Ohio State,UCLA,,,,,
2025,regular,12,401752901,2025-11-15T05:00:00.000Z,Indiana,Wisconsin,,,,,
2025,regular,12,401752902,2025-11-15T05:00:00.000Z,Washington,Purdue,,,,,
2025,regular,12,401752903,2025-11-15T05:00:00.000Z,Michigan State,Penn State,,,,,
2025,regular,12,401752905,2025-11-15T05:00:00.000Z,Northwestern,Michigan,,,,,
2025,regular,12,401752906,2025-11-15T05:00:00.000Z,Illinois,Maryland,,,,,
2025,regular,12,401752907,2025-11-15T05:00:00.000Z,USC,Iowa,,,,,
2025,regular,12,401752945,2025-11-15T05:00:00.000Z,Tulsa,Oregon State,,,,,
2025,regular,12,401754592,2025-11-15T05:00:00.000Z,Boston College,Georgia Tech,,,,,
2025,regular,12,401754593,2025-11-15T05:00:00.000Z,Duke,Virginia,,,,,
2025,regular,12,401754594,2025-11-15T05:00:00.000Z,Florida State,Virginia Tech,,,,,
2025,regular,12,401754595,2025-11-15T05:00:00.000Z,Miami,NC State,,,,,
2025,regular,12,401754596,2025-11-15T05:00:00.000Z,Wake Forest,North Carolina,,,,,
2025,regular,12,401754597,2025-11-15T05:00:00.000Z,Pittsburgh,Notre Dame,,,,,
2025,regular,12,401756948,2025-11-15T05:00:00.000Z,Arizona State,West Virginia,,,,,
2025,regular,12,401756949,2025-11-15T05:00:00.000Z,Baylor,Utah,,,,,
2025,regular,12,401756950,2025-11-15T05:00:00.000Z,BYU,TCU,,,,,
2025,regular,12,401756951,2025-11-15T05:00:00.000Z,Cincinnati,Arizona,,,,,
2025,regular,12,401756952,2025-11-15T05:00:00.000Z,Oklahoma State,Kansas State,,,,,
2025,regular,12,401756953,2025-11-15T05:00:00.000Z,Texas Tech,UCF,,,,,
2025,regular,12,401760411,2025-11-15T05:00:00.000Z,New Mexico,Colorado State,,,,,
2025,regular,12,401760412,2025-11-15T05:00:00.000Z,Fresno State,Wyoming,,,,,
2025,regular,12,401761650,2025-11-15T05:00:00.000Z,Georgia Southern,Coastal Carolina,,,,,
2025,regular,12,401761651,2025-11-15T05:00:00.000Z,Georgia State,Marshall,,,,,
2025,regular,12,401761652,2025-11-15T05:00:00.000Z,James Madison,App State,,,,,
2025,regular,12,401761653,2025-11-15T05:00:00.000Z,UL Monroe,South Alabama,,,,,
2025,regular,12,401761654,2025-11-15T05:00:00.000Z,Southern Miss,Texas State,,,,,
2025,regular,12,401762506,2025-11-15T05:00:00.000Z,UAB,North Texas,,,,,
2025,regular,12,401762507,2025-11-15T05:00:00.000Z,Charlotte,UTSA,,,,,
2025,regular,12,401762508,2025-11-15T05:00:00.000Z,East Carolina,Memphis,,,,,
2025,regular,12,401762509,2025-11-15T05:00:00.000Z,Tulane,Florida Atlantic,,,,,
2025,regular,12,401762861,2025-11-15T05:00:00.000Z,Ball State,Eastern Michigan,,,,,
2025,regular,12,401757174,2025-11-15T17:00:00.000Z,UConn,Air Force,,,,,
2025,regular,12,401762510,2025-11-15T17:00:00.000Z,Navy,South Florida,,,,,
2025,regular,12,401757300,2025-11-15T18:00:00.000Z,Sam Houston,Delaware,,,,,
2025,regular,12,401752767,2025-11-15T18:30:00.000Z,Kentucky,Tennessee Tech,,,,,
2025,regular,12,401757302,2025-11-15T19:00:00.000Z,Jacksonville State,Kennesaw State,,,,,
2025,regular,12,401757304,2025-11-15T20:00:00.000Z,Missouri State,UTEP,,,,,
2025,regular,12,401757303,2025-11-15T20:30:00.000Z,Western Kentucky,Middle Tennessee,,,,,
2025,regular,12,401760413,2025-11-15T20:30:00.000Z,Nevada,San José State,,,,,
2025,regular,12,401752771,2025-11-15T21:15:00.000Z,Tennessee,New Mexico State,,,,,
2025,regular,12,401757301,2025-11-15T22:00:00.000Z,Florida International,Liberty,,,,,
2025,regular,12,401760414,2025-11-16T00:00:00.000Z,UNLV,Utah State,,,,,
2025,regular,12,401752953,2025-11-16T03:00:00.000Z,Washington State,Louisiana Tech,,,,,
2025,regular,12,401760410,2025-11-16T03:30:00.000Z,San Diego State,Boise State,,,,,
2025,regular,13,401762862,2025-11-19T00:00:00.000Z,Bowling Green,Akron,,,,,
2025,regular,13,401762863,2025-11-19T00:00:00.000Z,Ohio,Massachusetts,,,,,
2025,regular,13,401762864,2025-11-19T00:00:00.000Z,Northern Illinois,Western Michigan,,,,,
2025,regular,13,401762865,2025-11-20T00:00:00.000Z,Buffalo,Miami (OH),,,,,
2025,regular,13,401762866,2025-11-20T00:00:00.000Z,Kent State,Central Michigan,,,,,
2025,regular,13,401761655,2025-11-21T00:30:00.000Z,Arkansas State,Louisiana,,,,,
2025,regular,13,401754598,2025-11-22T01:00:00.000Z,NC State,Florida State,,,,,
2025,regular,13,401760418,2025-11-22T03:30:00.000Z,UNLV,Hawai'i,,,,,
2025,regular,13,401752775,2025-11-22T05:00:00.000Z,Florida,Tennessee,,,,,
2025,regular,13,401752777,2025-11-22T05:00:00.000Z,LSU,Western Kentucky,,,,,
2025,regular,13,401752779,2025-11-22T05:00:00.000Z,South Carolina,Coastal Carolina,,,,,
2025,regular,13,401752780,2025-11-22T05:00:00.000Z,Texas,Arkansas,,,,,
2025,regular,13,401752782,2025-11-22T05:00:00.000Z,Vanderbilt,Kentucky,,,,,
2025,regular,13,401752908,2025-11-22T05:00:00.000Z,Penn State,Nebraska,,,,,
2025,regular,13,401752909,2025-11-22T05:00:00.000Z,Northwestern,Minnesota,,,,,
2025,regular,13,401752910,2025-11-22T05:00:00.000Z,UCLA,Washington,,,,,
2025,regular,13,401752911,2025-11-22T05:00:00.000Z,Oregon,USC,,55.5,,,ESPN Bet
2025,regular,13,401752912,2025-11-22T05:00:00.000Z,Ohio State,Rutgers,,,,,
2025,regular,13,401752913,2025-11-22T05:00:00.000Z,Iowa,Michigan State,,,,,
2025,regular,13,401752914,2025-11-22T05:00:00.000Z,Maryland,Michigan,,,,,
2025,regular,13,401752915,2025-11-22T05:00:00.000Z,Wisconsin,Illinois,,,,,
2025,regular,13,401752954,2025-11-22T05:00:00.000Z,James Madison,Washington State,,,,,
2025,regular,13,401754599,2025-11-22T05:00:00.000Z,Stanford,California,,,,,
2025,regular,13,401754600,2025-11-22T05:00:00.000Z,North Carolina,Duke,,51.5,,,ESPN Bet
2025,regular,13,401754601,2025-11-22T05:00:00.000Z,Georgia Tech,Pittsburgh,,,,,
2025,regular,13,401754602,2025-11-22T05:00:00.000Z,SMU,Louisville,,,,,
2025,regular,13,401754603,2025-11-22T05:00:00.000Z,Virginia Tech,Miami,,,,,
2025,regular,13,401754605,2025-11-22T05:00:00.000Z,Clemson,Furman,,,,,
2025,regular,13,401754606,2025-11-22T05:00:00.000Z,Wake Forest,Delaware,,,,,
2025,regular,13,401756954,2025-11-22T05:00:00.000Z,Arizona,Baylor,,,,,
2025,regular,13,401756955,2025-11-22T05:00:00.000Z,Cincinnati,BYU,,,,,
2025,regular,13,401756956,2025-11-22T05:00:00.000Z,Colorado,Arizona State,,,,,
2025,regular,13,401756957,2025-11-22T05:00:00.000Z,Houston,TCU,,,,,
2025,regular,13,401756958,2025-11-22T05:00:00.000Z,Iowa State,Kansas,,,,,
2025,regular,13,401756959,2025-11-22T05:00:00.000Z,UCF,Oklahoma State,,,,,
2025,regular,13,401756960,2025-11-22T05:00:00.000Z,Utah,Kansas State,,54.5,,,ESPN Bet
2025,regular,13,401757175,2025-11-22T05:00:00.000Z,Florida Atlantic,UConn,,,,,
2025,regular,13,401760416,2025-11-22T05:00:00.000Z,Boise State,Colorado State,,,,,
2025,regular,13,401760420,2025-11-22T05:00:00.000Z,San Diego State,San José State,,,,,
2025,regular,13,401761656,2025-11-22T05:00:00.000Z,App State,Marshall,,,,,
2025,regular,13,401761657,2025-11-22T05:00:00.000Z,Georgia Southern,Old Dominion,,,,,
2025,regular,13,401761658,2025-11-22T05:00:00.000Z,South Alabama,Southern Miss,,,,,
2025,regular,13,401761659,2025-11-22T05:00:00.000Z,Texas State,UL Monroe,,,,,
2025,regular,13,401761660,2025-11-22T05:00:00.000Z,Troy,Georgia State,,,,,
2025,regular,13,401762511,2025-11-22T05:00:00.000Z,UAB,South Florida,,,,,
2025,regular,13,401762513,2025-11-22T05:00:00.000Z,UTSA,East Carolina,,,,,
2025,regular,13,401762514,2025-11-22T05:00:00.000Z,Rice,North Texas,,,,,
2025,regular,13,401762515,2025-11-22T05:00:00.000Z,Temple,Tulane,,,,,
2025,regular,13,401762867,2025-11-22T05:00:00.000Z,Toledo,Ball State,,,,,
2025,regular,13,401752778,2025-11-22T17:00:00.000Z,Oklahoma,Missouri,,54.5,,,ESPN Bet
2025,regular,13,401752781,2025-11-22T17:00:00.000Z,Texas A&M,Samford,,,,,
2025,regular,13,401762512,2025-11-22T17:00:00.000Z,Army,Tulsa,,,,,
2025,regular,13,401752776,2025-11-22T17:45:00.000Z,Georgia,Charlotte,,,,,
2025,regular,13,401752773,2025-11-22T19:00:00.000Z,Alabama,Eastern Illinois,,,,,
2025,regular,13,401752774,2025-11-22T19:00:00.000Z,Auburn,Mercer,,,,,
2025,regular,13,401757306,2025-11-22T19:00:00.000Z,Kennesaw State,Missouri State,,,,,
2025,regular,13,401760419,2025-11-22T19:00:00.000Z,Wyoming,Nevada,,,,,
2025,regular,13,401757307,2025-11-22T20:00:00.000Z,Louisiana Tech,Liberty,,,,,
2025,regular,13,401757308,2025-11-22T20:00:00.000Z,Middle Tennessee,Sam Houston,,,,,
2025,regular,13,401757309,2025-11-22T20:00:00.000Z,UTEP,New Mexico State,,,,,
2025,regular,13,401754604,2025-11-22T20:30:00.000Z,Notre Dame,Syracuse,,,,,
2025,regular,13,401757305,2025-11-22T20:30:00.000Z,Florida International,Jacksonville State,,,,,
2025,regular,13,401760415,2025-11-23T00:00:00.000Z,Air Force,New Mexico,,,,,
2025,regular,13,401760417,2025-11-23T03:30:00.000Z,Fresno State,Utah State,,,,,
2025,regular,14,401762868,2025-11-25T05:00:00.000Z,Massachusetts,Bowling Green,,,,,
2025,regular,14,401762869,2025-11-25T05:00:00.000Z,Eastern Michigan,Western Michigan,,,,,
2025,regular,14,401762516,2025-11-28T00:30:00.000Z,Memphis,Navy,,,,,
2025,regular,14,401756961,2025-11-28T05:00:00.000Z,Arizona State,Arizona,,,,,
2025,regular,14,401760421,2025-11-28T05:00:00.000Z,Colorado State,Air Force,,,,,
2025,regular,14,401762441,2025-11-28T05:00:00.000Z,UTSA,Army,,,,,
2025,regular,14,401752788,2025-11-28T17:00:00.000Z,Mississippi State,Ole Miss,,59.5,,,ESPN Bet
2025,regular,14,401752916,2025-11-28T17:00:00.000Z,Nebraska,Iowa,,44.5,,,ESPN Bet
2025,regular,14,401756964,2025-11-28T17:00:00.000Z,Kansas,Utah,,,,,
2025,regular,14,401762870,2025-11-28T17:00:00.000Z,Buffalo,Ohio,,,,,
2025,regular,14,401762871,2025-11-28T17:00:00.000Z,Northern Illinois,Kent State,,,,,
2025,regular,14,401752786,2025-11-28T20:30:00.000Z,Georgia Tech,Georgia,,53.5,,,ESPN Bet
2025,regular,14,401760426,2025-11-28T20:30:00.000Z,New Mexico,San Diego State,,,,,
2025,regular,14,401760422,2025-11-28T21:00:00.000Z,Utah State,Boise State,,,,,
2025,regular,14,401752792,2025-11-29T00:30:00.000Z,Texas,Texas A&M,,51.5,,,ESPN Bet
2025,regular,14,401752924,2025-11-29T00:30:00.000Z,Purdue,Indiana,,,,,
2025,regular,14,401752783,2025-11-29T05:00:00.000Z,Arkansas,Missouri,,,,,
2025,regular,14,401752784,2025-11-29T05:00:00.000Z,Auburn,Alabama,,51.5,,,ESPN Bet
2025,regular,14,401752785,2025-11-29T05:00:00.000Z,Florida,Florida State,,,,,
2025,regular,14,401752787,2025-11-29T05:00:00.000Z,Louisville,Kentucky,,,,,
2025,regular,14,401752789,2025-11-29T05:00:00.000Z,Oklahoma,LSU,,,,,
2025,regular,14,401752791,2025-11-29T05:00:00.000Z,Tennessee,Vanderbilt,,,,,
2025,regular,14,401752917,2025-11-29T05:00:00.000Z,Washington,Oregon,,53.5,,,ESPN Bet
2025,regular,14,401752918,2025-11-29T05:00:00.000Z,Minnesota,Wisconsin,,,,,
2025,regular,14,401752919,2025-11-29T05:00:00.000Z,USC,UCLA,,,,,
2025,regular,14,401752920,2025-11-29T05:00:00.000Z,Rutgers,Penn State,,,,,
2025,regular,14,401752922,2025-11-29T05:00:00.000Z,Illinois,Northwestern,,,,,
2025,regular,14,401752923,2025-11-29T05:00:00.000Z,Michigan State,Maryland,,,,,
2025,regular,14,401754608,2025-11-29T05:00:00.000Z,Syracuse,Boston College,,,,,
2025,regular,14,401754609,2025-11-29T05:00:00.000Z,California,SMU,,,,,
2025,regular,14,401754610,2025-11-29T05:00:00.000Z,Duke,Wake Forest,,,,,
2025,regular,14,401754611,2025-11-29T05:00:00.000Z,Pittsburgh,Miami,,,,,
2025,regular,14,401754612,2025-11-29T05:00:00.000Z,NC State,North Carolina,,53.5,,,ESPN Bet
2025,regular,14,401754613,2025-11-29T05:00:00.000Z,Virginia,Virginia Tech,,,,,
2025,regular,14,401754614,2025-11-29T05:00:00.000Z,Stanford,Notre Dame,,,,,
2025,regular,14,401756962,2025-11-29T05:00:00.000Z,Baylor,Houston,,,,,
2025,regular,14,401756963,2025-11-29T05:00:00.000Z,BYU,UCF,,,,,
2025,regular,14,401756965,2025-11-29T05:00:00.000Z,Kansas State,Colorado,,,,,
2025,regular,14,401756966,2025-11-29T05:00:00.000Z,Oklahoma State,Iowa State,,,,,
2025,regular,14,401756967,2025-11-29T05:00:00.000Z,TCU,Cincinnati,,,,,
2025,regular,14,401756968,2025-11-29T05:00:00.000Z,West Virginia,Texas Tech,,,,,
2025,regular,14,401760423,2025-11-29T05:00:00.000Z,San José State,Fresno State,,,,,
2025,regular,14,401761661,2025-11-29T05:00:00.000Z,App State,Arkansas State,,,,,
2025,regular,14,401761662,2025-11-29T05:00:00.000Z,Coastal Carolina,James Madison,,,,,
2025,regular,14,401761663,2025-11-29T05:00:00.000Z,Marshall,Georgia Southern,,,,,
2025,regular,14,401761664,2025-11-29T05:00:00.000Z,Old Dominion,Georgia State,,,,,
2025,regular,14,401761665,2025-11-29T05:00:00.000Z,Louisiana,UL Monroe,,,,,
2025,regular,14,401761666,2025-11-29T05:00:00.000Z,Southern Miss,Troy,,,,,
2025,regular,14,401761667,2025-11-29T05:00:00.000Z,Texas State,South Alabama,,,,,
2025,regular,14,401762442,2025-11-29T05:00:00.000Z,North Texas,Temple,,,,,
2025,regular,14,401762517,2025-11-29T05:00:00.000Z,Tulsa,UAB,,,,,
2025,regular,14,401762518,2025-11-29T05:00:00.000Z,Tulane,Charlotte,,,,,
2025,regular,14,401762519,2025-11-29T05:00:00.000Z,Florida Atlantic,East Carolina,,,,,
2025,regular,14,401762520,2025-11-29T05:00:00.000Z,South Florida,Rice,,,,,
2025,regular,14,401762872,2025-11-29T05:00:00.000Z,Central Michigan,Toledo,,,,,
2025,regular,14,401762875,2025-11-29T05:00:00.000Z,Miami (OH),Ball State,,,,,
2025,regular,14,401752790,2025-11-29T17:00:00.000Z,South Carolina,Clemson,,53.5,,,ESPN Bet
2025,regular,14,401752921,2025-11-29T17:00:00.000Z,Michigan,Ohio State,,47.5,,,ESPN Bet
2025,regular,14,401757310,2025-11-29T18:00:00.000Z,Delaware,UTEP,,,,,
2025,regular,14,401757311,2025-11-29T18:00:00.000Z,Sam Houston,Florida International,,,,,
2025,regular,14,401757312,2025-11-29T19:00:00.000Z,Jacksonville State,Western Kentucky,,,,,
2025,regular,14,401757314,2025-11-29T19:00:00.000Z,Missouri State,Louisiana Tech,,,,,
2025,regular,14,401757315,2025-11-29T20:00:00.000Z,New Mexico State,Middle Tennessee,,,,,
2025,regular,14,401757313,2025-11-29T20:30:00.000Z,Liberty,Kennesaw State,,,,,
2025,regular,14,401752946,2025-11-29T23:30:00.000Z,Washington State,Oregon State,,,,,
2025,regular,14,401760425,2025-11-30T02:00:00.000Z,Nevada,UNLV,,,,,
2025,regular,14,401760424,2025-11-30T04:00:00.000Z,Hawai'i,Wyoming,,,,,
2025,regular,16,401762521,2025-12-13T20:00:00.000Z,Navy,Army,,39.5,,,ESPN Bet
