team,venue,city,state,country,lat,lon,timezone,altitude_m,is_neutral_site,notes
Abilene Christian,,None,None,USA,39.4746858,-87.3669599,None,47.4,0,
Air Force,Falcon Stadium,Colorado Springs,CO,USA,38.996,-104.843,America/Denver,2003.0,0,
Akron,InfoCision Stadium–Summa Field,Akron,OH,USA,41.0755,-81.508,America/New_York,306.0,0,
Alabama,Bryant–Denny Stadium,Tuscaloosa,AL,USA,33.2081,-87.5505,America/Chicago,68.0,0,
Anderson (Sc),,None,None,USA,39.4746858,-87.3669599,None,47.4,0,
App State,,None,None,USA,39.4746858,-87.3669599,None,47.4,0,
Appalachian State,Kidd Brewer Stadium,Boone,NC,USA,36.2111,-81.685,America/New_York,1006.0,0,
Arizona,Arizona Stadium,Tucson,AZ,USA,32.2288,-110.949,America/Phoenix,728.0,0,
Arizona State,Sun Devil Stadium,Tempe,AZ,USA,33.4264,-111.932,America/Phoenix,360.0,0,
Arkansas,Razorback Stadium,Fayetteville,AR,USA,36.068,-94.178,America/Chicago,424.0,0,
Arkansas State,Centennial Bank Stadium,Jonesboro,AR,USA,35.844,-90.684,America/Chicago,80.0,0,
Army,Michie Stadium,West Point,NY,USA,41.391,-73.963,America/New_York,103.0,0,
Auburn,Jordan–Hare Stadium,Auburn,AL,USA,32.6026,-85.4894,America/Chicago,211.0,0,
Augustana (IL),,None,None,USA,39.4746858,-87.3669599,None,47.4,0,
Augustana University (SD),,None,None,USA,39.4746858,-87.3669599,None,47.4,0,
BYU,LaVell Edwards Stadium,Provo,UT,USA,40.257,-111.654,America/Denver,1410.0,0,
Ball State,Schuemann Stadium,Muncie,IN,USA,40.201,-85.408,America/Indiana/Indianapolis,285.0,0,
Baylor,McLane Stadium,Waco,TX,USA,31.565,-97.118,America/Chicago,126.0,0,
Bethel (MN),,None,None,USA,39.4746858,-87.3669599,None,47.4,0,
Boise State,Albertsons Stadium,Boise,ID,USA,43.602,-116.193,America/Boise,822.0,0,
Boston College,Alumni Stadium,Chestnut Hill,MA,USA,42.335,-71.167,America/New_York,62.0,0,
Bowling Green,Doyt Perry Stadium,Bowling Green,OH,USA,41.378,-83.625,America/New_York,210.0,0,
Buffalo,UB Stadium,Buffalo,NY,USA,43.0,-78.781,America/New_York,210.0,0,
California,California Memorial Stadium,Berkeley,CA,USA,37.871,-122.25,America/Los_Angeles,88.0,0,
Carroll University (WI),,None,None,USA,39.4746858,-87.3669599,None,47.4,0,
Central Arkansas,,None,None,USA,39.4746858,-87.3669599,None,47.4,0,
Central Michigan,Kelly/Shorts Stadium,Mount Pleasant,MI,USA,43.581,-84.774,America/Detroit,230.0,0,
Charlotte,Jerry Richardson Stadium,Charlotte,NC,USA,35.307,-80.735,America/New_York,232.0,0,
Cincinnati,Nippert Stadium,Cincinnati,OH,USA,39.132,-84.516,America/New_York,161.0,0,
Clemson,Memorial Stadium,Clemson,SC,USA,34.678,-82.843,America/New_York,221.0,0,
Coastal Carolina,Brooks Stadium,Conway,SC,USA,33.793,-79.009,America/New_York,6.0,0,
Colorado,Folsom Field,Boulder,CO,USA,40.009,-105.267,America/Denver,1655.0,0,
Colorado State,Canvas Stadium,Fort Collins,CO,USA,40.574,-105.084,America/Denver,1525.0,0,
Duke,Wallace Wade Stadium,Durham,NC,USA,36.001,-78.938,America/New_York,122.0,0,
East Carolina,Dowdy–Ficklen Stadium,Greenville,NC,USA,35.596,-77.365,America/New_York,15.0,0,
East Texas A&M,,None,None,USA,39.4746858,-87.3669599,None,47.4,0,
Eastern Michigan,Rynearson Stadium,Ypsilanti,MI,USA,42.246,-83.624,America/Detroit,227.0,0,
Emory & Henry College,,None,None,USA,39.4746858,-87.3669599,None,47.4,0,
Florida,Ben Hill Griffin Stadium,Gainesville,FL,USA,29.6516,-82.348,America/New_York,52.0,0,
Florida Atlantic,FAU Stadium,Boca Raton,FL,USA,26.375,-80.101,America/New_York,5.0,0,
Florida International,Riccardo Silva Stadium,Miami,FL,USA,25.756,-80.377,America/New_York,3.0,0,
Florida State,Doak Campbell Stadium,Tallahassee,FL,USA,30.438,-84.304,America/New_York,19.0,0,
Franklin & Marshall,,None,None,USA,39.4746858,-87.3669599,None,47.4,0,
Fresno State,Bulldog Stadium,Fresno,CA,USA,36.812,-119.75,America/Los_Angeles,98.0,0,
Georgia,Sanford Stadium,Athens,GA,USA,33.9494,-83.3733,America/New_York,183.0,0,
Georgia Southern,Paulson Stadium,Statesboro,GA,USA,32.421,-81.783,America/New_York,58.0,0,
Georgia State,Center Parc Stadium,Atlanta,GA,USA,33.735,-84.389,America/New_York,306.0,0,
Georgia Tech,Bobby Dodd Stadium,Atlanta,GA,USA,33.772,-84.392,America/New_York,315.0,0,
Hawai'i,Clarence T. C. Ching Athletics Complex,Honolulu,HI,USA,21.296,-157.818,Pacific/Honolulu,18.0,0,
Houston,TDECU Stadium,Houston,TX,USA,29.722,-95.349,America/Chicago,13.0,0,
Illinois,Memorial Stadium,Champaign,IL,USA,40.099,-88.235,America/Chicago,220.0,0,
Indiana,Memorial Stadium,Bloomington,IN,USA,39.18,-86.525,America/Indiana/Indianapolis,219.0,0,
Iowa,Kinnick Stadium,Iowa City,IA,USA,41.658,-91.551,America/Chicago,207.0,0,
Iowa State,Jack Trice Stadium,Ames,IA,USA,42.016,-93.635,America/Chicago,290.0,0,
Kansas,David Booth Kansas Memorial Stadium,Lawrence,KS,USA,38.958,-95.243,America/Chicago,271.0,0,
Kansas State,Bill Snyder Family Football Stadium,Manhattan,KS,USA,39.202,-96.593,America/Chicago,329.0,0,
Kent State,Dix Stadium,Kent,OH,USA,41.139,-81.309,America/New_York,347.0,0,
Kentucky,Kroger Field,Lexington,KY,USA,38.022,-84.505,America/New_York,298.0,0,
LSU,Tiger Stadium,Baton Rouge,LA,USA,30.412,-91.185,America/Chicago,9.0,0,
Liberty,Williams Stadium,Lynchburg,VA,USA,37.351,-79.174,America/New_York,255.0,0,
Lincoln (CA),,None,None,USA,39.4746858,-87.3669599,None,47.4,0,
Lincoln (MO),,None,None,USA,39.4746858,-87.3669599,None,47.4,0,
Louisiana,Cajun Field,Lafayette,LA,USA,30.216,-92.05,America/Chicago,15.0,0,
Louisiana Monroe,Malone Stadium,Monroe,LA,USA,32.53,-92.05,America/Chicago,25.0,0,
Louisiana Tech,Joe Aillet Stadium,Ruston,LA,USA,32.527,-92.65,America/Chicago,95.0,0,
Louisville,L&N Federal Credit Union Stadium,Louisville,KY,USA,38.21,-85.76,America/New_York,142.0,0,
Marshall,Joan C. Edwards Stadium,Huntington,WV,USA,38.423,-82.429,America/New_York,172.0,0,
Maryland,SECU Stadium,College Park,MD,USA,38.989,-76.944,America/New_York,25.0,0,
Memphis,Simmons Bank Liberty Stadium,Memphis,TN,USA,35.119,-89.977,America/Chicago,102.0,0,
Miami,Hard Rock Stadium,Miami Gardens,FL,USA,25.958,-80.238,America/New_York,2.0,0,
Miami (OH),Yager Stadium,Oxford,OH,USA,39.517,-84.732,America/New_York,287.0,0,
Michigan,Michigan Stadium,Ann Arbor,MI,USA,42.2658,-83.7487,America/Detroit,256.0,0,
Michigan State,Spartan Stadium,East Lansing,MI,USA,42.731,-84.496,America/Detroit,260.0,0,
Middle Tennessee,"Johnny ""Red"" Floyd Stadium",Murfreesboro,TN,USA,35.852,-86.368,America/Chicago,186.0,0,
Minnesota,Huntington Bank Stadium,Minneapolis,MN,USA,44.976,-93.225,America/Chicago,252.0,0,
Mississippi State,Davis Wade Stadium,Starkville,MS,USA,33.454,-88.793,America/Chicago,98.0,0,
Missouri,Memorial Stadium/Faurot Field,Columbia,MO,USA,38.935,-92.333,America/Chicago,228.0,0,
Navy,Navy–Marine Corps Memorial Stadium,Annapolis,MD,USA,38.985,-76.507,America/New_York,9.0,0,
Nebraska,Memorial Stadium,Lincoln,NE,USA,40.82,-96.705,America/Chicago,357.0,0,
Nevada,Mackay Stadium,Reno,NV,USA,39.544,-119.816,America/Los_Angeles,1510.0,0,
New Mexico,University Stadium,Albuquerque,NM,USA,35.067,-106.628,America/Denver,1620.0,0,
New Mexico State,Aggie Memorial Stadium,Las Cruces,NM,USA,32.277,-106.741,America/Denver,1200.0,0,
North Carolina,Kenan Memorial Stadium,Chapel Hill,NC,USA,35.906,-79.047,America/New_York,113.0,0,
North Carolina A&T,,None,None,USA,39.4746858,-87.3669599,None,47.4,0,
North Carolina State,Carter–Finley Stadium,Raleigh,NC,USA,35.8,-78.719,America/New_York,99.0,0,
North Dakota,,None,None,USA,39.4746858,-87.3669599,None,47.4,0,
North Texas,Apogee Stadium,Denton,TX,USA,33.227,-97.153,America/Chicago,195.0,0,
Northern Illinois,Huskie Stadium,DeKalb,IL,USA,41.934,-88.777,America/Chicago,268.0,0,
Northern Iowa,,None,None,USA,39.4746858,-87.3669599,None,47.4,0,
Northwestern,Ryan Field,Evanston,IL,USA,42.064,-87.692,America/Chicago,195.0,0,
Northwestern (MN),,None,None,USA,39.4746858,-87.3669599,None,47.4,0,
Notre Dame,Notre Dame Stadium,South Bend,IN,USA,41.6986,-86.2336,America/New_York,224.0,0,
Ohio,Frank Solich Field at Peden Stadium,Athens,OH,USA,39.324,-82.103,America/New_York,201.0,0,
Ohio State,Ohio Stadium,Columbus,OH,USA,40.0017,-83.0197,America/New_York,264.0,0,
Oklahoma,Gaylord Family Oklahoma Memorial Stadium,Norman,OK,USA,35.2059,-97.4458,America/Chicago,360.0,0,
Oklahoma State,Boone Pickens Stadium,Stillwater,OK,USA,36.127,-97.066,America/Chicago,289.0,0,
Old Dominion,S.B. Ballard Stadium,Norfolk,VA,USA,36.885,-76.305,America/New_York,3.0,0,
Ole Miss,Vaught–Hemingway Stadium,Oxford,MS,USA,34.364,-89.538,America/Chicago,92.0,0,
Oregon,Autzen Stadium,Eugene,OR,USA,44.058,-123.068,America/Los_Angeles,131.0,0,
Oregon State,Reser Stadium,Corvallis,OR,USA,44.563,-123.278,America/Los_Angeles,72.0,0,
Penn State,Beaver Stadium,University Park,PA,USA,40.812,-77.856,America/New_York,377.0,0,
Pittsburgh,Acrisure Stadium,Pittsburgh,PA,USA,40.447,-80.008,America/New_York,227.0,0,
Purdue,Ross–Ade Stadium,West Lafayette,IN,USA,40.434,-86.921,America/Indiana/Indianapolis,191.0,0,
Rice,Rice Stadium,Houston,TX,USA,29.717,-95.404,America/Chicago,15.0,0,
Rutgers,SHI Stadium,Piscataway,NJ,USA,40.521,-74.464,America/New_York,26.0,0,
SMU,Gerald J. Ford Stadium,Dallas,TX,USA,32.841,-96.783,America/Chicago,149.0,0,
San Diego State,Snapdragon Stadium,San Diego,CA,USA,32.784,-117.122,America/Los_Angeles,33.0,0,
San Jose State,CEFCU Stadium,San Jose,CA,USA,37.32,-121.868,America/Los_Angeles,30.0,0,
Simpson College (IA),,None,None,USA,39.4746858,-87.3669599,None,47.4,0,
South Alabama,Hancock Whitney Stadium,Mobile,AL,USA,30.698,-88.183,America/Chicago,13.0,0,
South Carolina,Williams–Brice Stadium,Columbia,SC,USA,33.981,-81.029,America/New_York,52.0,0,
South Dakota,,None,None,USA,39.4746858,-87.3669599,None,47.4,0,
South Florida,Rajun Stadium (Raymond James),Tampa,FL,USA,27.975,-82.503,America/New_York,14.0,0,
Southern Illinois,,None,None,USA,39.4746858,-87.3669599,None,47.4,0,
Southern Miss,M.M. Roberts Stadium,Hattiesburg,MS,USA,31.329,-89.335,America/Chicago,46.0,0,
Southern Utah,,None,None,USA,39.4746858,-87.3669599,None,47.4,0,
St. Lawrence,,None,None,USA,39.4746858,-87.3669599,None,47.4,0,
St. Olaf,,None,None,USA,39.4746858,-87.3669599,None,47.4,0,
Stanford,Stanford Stadium,Stanford,CA,USA,37.434,-122.161,America/Los_Angeles,30.0,0,
Stephen F. Austin,,None,None,USA,39.4746858,-87.3669599,None,47.4,0,
Syracuse,JMA Wireless Dome,Syracuse,NY,USA,43.036,-76.136,America/New_York,128.0,0,
TCU,Amon G. Carter Stadium,Fort Worth,TX,USA,32.709,-97.361,America/Chicago,210.0,0,
Temple,Lincoln Financial Field,Philadelphia,PA,USA,39.901,-75.168,America/New_York,10.0,0,
Tennessee,Neyland Stadium,Knoxville,TN,USA,35.955,-83.925,America/New_York,265.0,0,
Texas,Darrell K Royal–Texas Memorial Stadium,Austin,TX,USA,30.2839,-97.7325,America/Chicago,154.0,0,
Texas A&M,Kyle Field,College Station,TX,USA,30.61,-96.34,America/Chicago,104.0,0,
Texas A&M-Kingsville,,None,None,USA,39.4746858,-87.3669599,None,47.4,0,
Texas State,Bobcat Stadium,San Marcos,TX,USA,29.889,-97.942,America/Chicago,181.0,0,
Texas Tech, Jones AT&T Stadium,Lubbock,TX,USA,33.591,-101.874,America/Chicago,978.0,0,
Toledo,Glass Bowl,Toledo,OH,USA,41.659,-83.613,America/New_York,187.0,0,
Troy,Veterans Memorial Stadium,Troy,AL,USA,31.798,-85.955,America/Chicago,123.0,0,
Tulane,Yulman Stadium,New Orleans,LA,USA,29.943,-90.122,America/Chicago,1.0,0,
Tulsa,H.A. Chapman Stadium,Tulsa,OK,USA,36.145,-95.945,America/Chicago,222.0,0,
UAB,Protective Stadium,Birmingham,AL,USA,33.528,-86.812,America/Chicago,192.0,0,
UCF,FBC Mortgage Stadium,Orlando,FL,USA,28.607,-81.191,America/New_York,20.0,0,
UCLA,Rose Bowl,Pasadena,CA,USA,34.1613,-118.167,America/Los_Angeles,263.0,0,
UMass,Warren McGuirk Alumni Stadium,Amherst,MA,USA,42.391,-72.534,America/New_York,91.0,0,
UNLV,Allegiant Stadium,Las Vegas,NV,USA,36.09,-115.183,America/Los_Angeles,661.0,0,
USC,Los Angeles Memorial Coliseum,Los Angeles,CA,USA,34.0141,-118.2879,America/Los_Angeles,54.0,0,
UT Martin,,None,None,USA,39.4746858,-87.3669599,None,47.4,0,
UTEP,Sun Bowl,El Paso,TX,USA,31.778,-106.505,America/Denver,1180.0,0,
UTSA,Alamodome,San Antonio,TX,USA,29.416,-98.48,America/Chicago,198.0,0,
Union (NY),,None,None,USA,39.4746858,-87.3669599,None,47.4,0,
University of Mary,,None,None,USA,39.4746858,-87.3669599,None,47.4,0,
Utah,Rice–Eccles Stadium,Salt Lake City,UT,USA,40.76,-111.849,America/Denver,1490.0,0,
Utah State,Maverik Stadium,Logan,UT,USA,41.743,-111.809,America/Denver,1380.0,0,
Vanderbilt,Vanderbilt Stadium,Nashville,TN,USA,36.142,-86.808,America/Chicago,171.0,0,
Virginia,Scott Stadium,Charlottesville,VA,USA,38.033,-78.513,America/New_York,180.0,0,
Virginia Tech,Lane Stadium,Blacksburg,VA,USA,37.222,-80.418,America/New_York,634.0,0,
Wake Forest,Truist Field,Winston-Salem,NC,USA,36.131,-80.254,America/New_York,278.0,0,
Washington,Husky Stadium,Seattle,WA,USA,47.65,-122.301,America/Los_Angeles,5.0,0,
Washington State,Martin Stadium,Pullman,WA,USA,46.731,-117.164,America/Los_Angeles,788.0,0,
Washington University (St. Louis),,None,None,USA,39.4746858,-87.3669599,None,47.4,0,
Wayne State (NE),,None,None,USA,39.4746858,-87.3669599,None,47.4,0,
West Virginia,Milan Puskar Stadium,Morgantown,WV,USA,39.65,-79.95,America/New_York,390.0,0,
Western Kentucky,Houchens–Smith Stadium,Cape Girardeau,MO,USA,37.3034933,-89.5230357,None,113.1,0,
Westminster (PA),,None,None,USA,39.4746858,-87.3669599,None,47.4,0,
adams state,,None,None,USA,39.4746858,-87.3669599,None,47.4,0,
adrian,,None,None,USA,39.4746858,-87.3669599,None,47.4,0,
alabama aandm,,None,None,USA,39.4746858,-87.3669599,None,47.4,0,
alabama birmingham,,None,None,USA,39.4746858,-87.3669599,None,47.4,0,
alabama state,,None,None,USA,39.4746858,-87.3669599,None,47.4,0,
albany state ga,,None,None,USA,39.4746858,-87.3669599,None,47.4,0,
albion,,None,None,USA,39.4746858,-87.3669599,None,47.4,0,
albright,,None,None,USA,39.4746858,-87.3669599,None,47.4,0,
alcorn state,,None,None,USA,39.4746858,-87.3669599,None,47.4,0,
alfred state,,None,None,USA,39.4746858,-87.3669599,None,47.4,0,
alfred university,,None,None,USA,39.4746858,-87.3669599,None,47.4,0,
allegheny,,None,None,USA,39.4746858,-87.3669599,None,47.4,0,
allen,,None,None,USA,39.4746858,-87.3669599,None,47.4,0,
alma,,None,None,USA,39.4746858,-87.3669599,None,47.4,0,
american international,,None,None,USA,39.4746858,-87.3669599,None,47.4,0,
amherst,,None,None,USA,39.4746858,-87.3669599,None,47.4,0,
anderson,,None,None,USA,39.4746858,-87.3669599,None,47.4,0,
angelo state,,None,None,USA,39.4746858,-87.3669599,None,47.4,0,
anna maria college,,None,None,USA,39.4746858,-87.3669599,None,47.4,0,
apprentice school,,None,None,USA,39.4746858,-87.3669599,None,47.4,0,
arkansas monticello,,None,None,USA,39.4746858,-87.3669599,None,47.4,0,
arkansas pine bluff,,None,None,USA,39.4746858,-87.3669599,None,47.4,0,
arkansas tech,,None,None,USA,39.4746858,-87.3669599,None,47.4,0,
ashland,,None,None,USA,39.4746858,-87.3669599,None,47.4,0,
assumption,,None,None,USA,39.4746858,-87.3669599,None,47.4,0,
augsburg,,None,None,USA,39.4746858,-87.3669599,None,47.4,0,
augustana,,None,None,USA,39.4746858,-87.3669599,None,47.4,0,
augustana university,,None,None,USA,39.4746858,-87.3669599,None,47.4,0,
aurora,,None,None,USA,39.4746858,-87.3669599,None,47.4,0,
austin,,None,None,USA,39.4746858,-87.3669599,None,47.4,0,
austin peay,,None,None,USA,39.4746858,-87.3669599,None,47.4,0,
averett,,None,None,USA,39.4746858,-87.3669599,None,47.4,0,
baldwin wallace,,None,None,USA,39.4746858,-87.3669599,None,47.4,0,
bates,,None,None,USA,39.4746858,-87.3669599,None,47.4,0,
belhaven,,None,None,USA,39.4746858,-87.3669599,None,47.4,0,
beloit,,None,None,USA,39.4746858,-87.3669599,None,47.4,0,
bemidji state,,None,None,USA,39.4746858,-87.3669599,None,47.4,0,
benedict college,,None,None,USA,39.4746858,-87.3669599,None,47.4,0,
benedictine university,,None,None,USA,39.4746858,-87.3669599,None,47.4,0,
bentley,,None,None,USA,39.4746858,-87.3669599,None,47.4,0,
berry college,,None,None,USA,39.4746858,-87.3669599,None,47.4,0,
bethany,,None,None,USA,39.4746858,-87.3669599,None,47.4,0,
bethel,,None,None,USA,39.4746858,-87.3669599,None,47.4,0,
bethel university tennessee,,None,None,USA,39.4746858,-87.3669599,None,47.4,0,
bethune cookman,,None,None,USA,39.4746858,-87.3669599,None,47.4,0,
biddeford,,None,None,USA,39.4746858,-87.3669599,None,47.4,0,
black hills state,,None,None,USA,39.4746858,-87.3669599,None,47.4,0,
bloomsburg,,None,None,USA,39.4746858,-87.3669599,None,47.4,0,
bluefield,,None,None,USA,39.4746858,-87.3669599,None,47.4,0,
bluefield state,,None,None,USA,39.4746858,-87.3669599,None,47.4,0,
bluffton,,None,None,USA,39.4746858,-87.3669599,None,47.4,0,
bowdoin,,None,None,USA,39.4746858,-87.3669599,None,47.4,0,
bowie state,,None,None,USA,39.4746858,-87.3669599,None,47.4,0,
brevard college,,None,None,USA,39.4746858,-87.3669599,None,47.4,0,
bridgewater,,None,None,USA,39.4746858,-87.3669599,None,47.4,0,
bridgewater state,,None,None,USA,39.4746858,-87.3669599,None,47.4,0,
brigham young,,None,None,USA,39.4746858,-87.3669599,None,47.4,0,
brockport,,None,None,USA,39.4746858,-87.3669599,None,47.4,0,
brown,,None,None,USA,39.4746858,-87.3669599,None,47.4,0,
bryant,,None,None,USA,39.4746858,-87.3669599,None,47.4,0,
bucknell,,None,None,USA,39.4746858,-87.3669599,None,47.4,0,
buena vista,,None,None,USA,39.4746858,-87.3669599,None,47.4,0,
buffalo state,,None,None,USA,39.4746858,-87.3669599,None,47.4,0,
butler,,None,None,USA,39.4746858,-87.3669599,None,47.4,0,
cal poly,,None,None,USA,39.4746858,-87.3669599,None,47.4,0,
california los angeles,,None,None,USA,39.4746858,-87.3669599,None,47.4,0,
california lutheran university,,None,None,USA,39.4746858,-87.3669599,None,47.4,0,
calvin university,,None,None,USA,39.4746858,-87.3669599,None,47.4,0,
campbell,,None,None,USA,39.4746858,-87.3669599,None,47.4,0,
capital,,None,None,USA,39.4746858,-87.3669599,None,47.4,0,
carleton,,None,None,USA,39.4746858,-87.3669599,None,47.4,0,
carnegie mellon,,None,None,USA,39.4746858,-87.3669599,None,47.4,0,
carroll university,,None,None,USA,39.4746858,-87.3669599,None,47.4,0,
carson newman college,,None,None,USA,39.4746858,-87.3669599,None,47.4,0,
carthage,,None,None,USA,39.4746858,-87.3669599,None,47.4,0,
case western reserve,,None,None,USA,39.4746858,-87.3669599,None,47.4,0,
castleton,,None,None,USA,39.4746858,-87.3669599,None,47.4,0,
catawba,,None,None,USA,39.4746858,-87.3669599,None,47.4,0,
catholic,,None,None,USA,39.4746858,-87.3669599,None,47.4,0,
centenary,,None,None,USA,39.4746858,-87.3669599,None,47.4,0,
central college,,None,None,USA,39.4746858,-87.3669599,None,47.4,0,
central connecticut,,None,None,USA,39.4746858,-87.3669599,None,47.4,0,
central florida,,None,None,USA,39.4746858,-87.3669599,None,47.4,0,
central methodist,,None,None,USA,39.4746858,-87.3669599,None,47.4,0,
central missouri,,None,None,USA,39.4746858,-87.3669599,None,47.4,0,
central oklahoma,,None,None,USA,39.4746858,-87.3669599,None,47.4,0,
central state,,None,None,USA,39.4746858,-87.3669599,None,47.4,0,
central washington,,None,None,USA,39.4746858,-87.3669599,None,47.4,0,
centre college kentucky,,None,None,USA,39.4746858,-87.3669599,None,47.4,0,
chadron st,,None,None,USA,39.4746858,-87.3669599,None,47.4,0,
chapman,,None,None,USA,39.4746858,-87.3669599,None,47.4,0,
charleston,,None,None,USA,39.4746858,-87.3669599,None,47.4,0,
charleston southern,,None,None,USA,39.4746858,-87.3669599,None,47.4,0,
chattanooga,,None,None,USA,39.4746858,-87.3669599,None,47.4,0,
chicago,,None,None,USA,39.4746858,-87.3669599,None,47.4,0,
chowan,,None,None,USA,39.4746858,-87.3669599,None,47.4,0,
christopher newport,,None,None,USA,39.4746858,-87.3669599,None,47.4,0,
claremont mudd scripps college,,None,None,USA,39.4746858,-87.3669599,None,47.4,0,
clarion,,None,None,USA,39.4746858,-87.3669599,None,47.4,0,
clark atlanta,,None,None,USA,39.4746858,-87.3669599,None,47.4,0,
coast guard,,None,None,USA,39.4746858,-87.3669599,None,47.4,0,
coe college,,None,None,USA,39.4746858,-87.3669599,None,47.4,0,
colby college,,None,None,USA,39.4746858,-87.3669599,None,47.4,0,
colgate,,None,None,USA,39.4746858,-87.3669599,None,47.4,0,
college of new jersey,,None,None,USA,39.4746858,-87.3669599,None,47.4,0,
colorado mesa,,None,None,USA,39.4746858,-87.3669599,None,47.4,0,
colorado school of mines,,None,None,USA,39.4746858,-87.3669599,None,47.4,0,
columbia,,None,None,USA,39.4746858,-87.3669599,None,47.4,0,
concord university,,None,None,USA,39.4746858,-87.3669599,None,47.4,0,
concordia moorhead,,None,None,USA,39.4746858,-87.3669599,None,47.4,0,
concordia university chicago,,None,None,USA,39.4746858,-87.3669599,None,47.4,0,
concordia university state paul,,None,None,USA,39.4746858,-87.3669599,None,47.4,0,
concordia wisconsin,,None,None,USA,39.4746858,-87.3669599,None,47.4,0,
connecticut,,None,None,USA,39.4746858,-87.3669599,None,47.4,0,
cornell,,None,None,USA,39.4746858,-87.3669599,None,47.4,0,
cornell college,,None,None,USA,39.4746858,-87.3669599,None,47.4,0,
cortland,,None,None,USA,39.4746858,-87.3669599,None,47.4,0,
crown college,,None,None,USA,39.4746858,-87.3669599,None,47.4,0,
csu pueblo,,None,None,USA,39.4746858,-87.3669599,None,47.4,0,
cumberland,,None,None,USA,39.4746858,-87.3669599,None,47.4,0,
curry college,,None,None,USA,39.4746858,-87.3669599,None,47.4,0,
dakota state university,,None,None,USA,39.4746858,-87.3669599,None,47.4,0,
dartmouth,,None,None,USA,39.4746858,-87.3669599,None,47.4,0,
davenport,,None,None,USA,39.4746858,-87.3669599,None,47.4,0,
davidson,,None,None,USA,39.4746858,-87.3669599,None,47.4,0,
dayton,,None,None,USA,39.4746858,-87.3669599,None,47.4,0,
dean college,,None,None,USA,39.4746858,-87.3669599,None,47.4,0,
delaware,,None,None,USA,39.4746858,-87.3669599,None,47.4,0,
delaware state,,None,None,USA,39.4746858,-87.3669599,None,47.4,0,
delaware valley,,None,None,USA,39.4746858,-87.3669599,None,47.4,0,
delta state,,None,None,USA,39.4746858,-87.3669599,None,47.4,0,
denison university,,None,None,USA,39.4746858,-87.3669599,None,47.4,0,
depauw,,None,None,USA,39.4746858,-87.3669599,None,47.4,0,
dickinson,,None,None,USA,39.4746858,-87.3669599,None,47.4,0,
drake,,None,None,USA,39.4746858,-87.3669599,None,47.4,0,
dubuque,,None,None,USA,39.4746858,-87.3669599,None,47.4,0,
duquesne,,None,None,USA,39.4746858,-87.3669599,None,47.4,0,
east central,,None,None,USA,39.4746858,-87.3669599,None,47.4,0,
east stroudsburg university,,None,None,USA,39.4746858,-87.3669599,None,47.4,0,
east tennessee state,,None,None,USA,39.4746858,-87.3669599,None,47.4,0,
east texas aandm,,None,None,USA,39.4746858,-87.3669599,None,47.4,0,
east texas baptist university,,None,None,USA,39.4746858,-87.3669599,None,47.4,0,
eastern illinois,,None,None,USA,39.4746858,-87.3669599,None,47.4,0,
eastern kentucky,,None,None,USA,39.4746858,-87.3669599,None,47.4,0,
eastern new mexico,,None,None,USA,39.4746858,-87.3669599,None,47.4,0,
eastern oregon,,None,None,USA,39.4746858,-87.3669599,None,47.4,0,
eastern university,,None,None,USA,39.4746858,-87.3669599,None,47.4,0,
eastern washington,,None,None,USA,39.4746858,-87.3669599,None,47.4,0,
edinboro university,,None,None,USA,39.4746858,-87.3669599,None,47.4,0,
edward waters,,None,None,USA,39.4746858,-87.3669599,None,47.4,0,
elizabeth city state,,None,None,USA,39.4746858,-87.3669599,None,47.4,0,
elmhurst,,None,None,USA,39.4746858,-87.3669599,None,47.4,0,
elon,,None,None,USA,39.4746858,-87.3669599,None,47.4,0,
emory and henry college,,None,None,USA,39.4746858,-87.3669599,None,47.4,0,
emporia state university,,None,None,USA,39.4746858,-87.3669599,None,47.4,0,
endicott college,,None,None,USA,39.4746858,-87.3669599,None,47.4,0,
erskine,,None,None,USA,39.4746858,-87.3669599,None,47.4,0,
eureka college,,None,None,USA,39.4746858,-87.3669599,None,47.4,0,
fairmont state,,None,None,USA,39.4746858,-87.3669599,None,47.4,0,
fayetteville state,,None,None,USA,39.4746858,-87.3669599,None,47.4,0,
fdu florham,,None,None,USA,39.4746858,-87.3669599,None,47.4,0,
ferris state,,None,None,USA,39.4746858,-87.3669599,None,47.4,0,
ferrum,,None,None,USA,39.4746858,-87.3669599,None,47.4,0,
findlay,,None,None,USA,39.4746858,-87.3669599,None,47.4,0,
fitchburg state,,None,None,USA,39.4746858,-87.3669599,None,47.4,0,
florida aandm,,None,None,USA,39.4746858,-87.3669599,None,47.4,0,
florida memorial university,,None,None,USA,39.4746858,-87.3669599,None,47.4,0,
fordham,,None,None,USA,39.4746858,-87.3669599,None,47.4,0,
fort hays state,,None,None,USA,39.4746858,-87.3669599,None,47.4,0,
fort lewis,,None,None,USA,39.4746858,-87.3669599,None,47.4,0,
fort valley state,,None,None,USA,39.4746858,-87.3669599,None,47.4,0,
framingham state,,None,None,USA,39.4746858,-87.3669599,None,47.4,0,
franklin,,None,None,USA,39.4746858,-87.3669599,None,47.4,0,
franklin and marshall,,None,None,USA,39.4746858,-87.3669599,None,47.4,0,
franklin pierce,,None,None,USA,39.4746858,-87.3669599,None,47.4,0,
frostburg state,,None,None,USA,39.4746858,-87.3669599,None,47.4,0,
furman,,None,None,USA,39.4746858,-87.3669599,None,47.4,0,
gallaudet,,None,None,USA,39.4746858,-87.3669599,None,47.4,0,
gannon,,None,None,USA,39.4746858,-87.3669599,None,47.4,0,
gardner webb,,None,None,USA,39.4746858,-87.3669599,None,47.4,0,
geneva,,None,None,USA,39.4746858,-87.3669599,None,47.4,0,
georgetown,,None,None,USA,39.4746858,-87.3669599,None,47.4,0,
gettysburg,,None,None,USA,39.4746858,-87.3669599,None,47.4,0,
glenville state,,None,None,USA,39.4746858,-87.3669599,None,47.4,0,
grambling,,None,None,USA,39.4746858,-87.3669599,None,47.4,0,
grand valley state university,,None,None,USA,39.4746858,-87.3669599,None,47.4,0,
greeneville,,None,None,USA,39.4746858,-87.3669599,None,47.4,0,
greensboro college,,None,None,USA,39.4746858,-87.3669599,None,47.4,0,
greenville,,None,None,USA,39.4746858,-87.3669599,None,47.4,0,
grinnell,,None,None,USA,39.4746858,-87.3669599,None,47.4,0,
grove city college,,None,None,USA,39.4746858,-87.3669599,None,47.4,0,
guilford college,,None,None,USA,39.4746858,-87.3669599,None,47.4,0,
gustavus adolphus,,None,None,USA,39.4746858,-87.3669599,None,47.4,0,
hamilton,,None,None,USA,39.4746858,-87.3669599,None,47.4,0,
hamline university,,None,None,USA,39.4746858,-87.3669599,None,47.4,0,
hampden sydney,,None,None,USA,39.4746858,-87.3669599,None,47.4,0,
hampton,,None,None,USA,39.4746858,-87.3669599,None,47.4,0,
hanover college,,None,None,USA,39.4746858,-87.3669599,None,47.4,0,
hardin simmons,,None,None,USA,39.4746858,-87.3669599,None,47.4,0,
harding university,,None,None,USA,39.4746858,-87.3669599,None,47.4,0,
hartwick,,None,None,USA,39.4746858,-87.3669599,None,47.4,0,
harvard,,None,None,USA,39.4746858,-87.3669599,None,47.4,0,
hawaii,,None,None,USA,39.4746858,-87.3669599,None,47.4,0,
heidelberg,,None,None,USA,39.4746858,-87.3669599,None,47.4,0,
henderson state,,None,None,USA,39.4746858,-87.3669599,None,47.4,0,
hendrix college,,None,None,USA,39.4746858,-87.3669599,None,47.4,0,
hilbert college,,None,None,USA,39.4746858,-87.3669599,None,47.4,0,
hillsdale,,None,None,USA,39.4746858,-87.3669599,None,47.4,0,
hiram college,,None,None,USA,39.4746858,-87.3669599,None,47.4,0,
hobart college,,None,None,USA,39.4746858,-87.3669599,None,47.4,0,
holy cross,,None,None,USA,39.4746858,-87.3669599,None,47.4,0,
hope college,,None,None,USA,39.4746858,-87.3669599,None,47.4,0,
houston christian,,None,None,USA,39.4746858,-87.3669599,None,47.4,0,
howard,,None,None,USA,39.4746858,-87.3669599,None,47.4,0,
howard payne,,None,None,USA,39.4746858,-87.3669599,None,47.4,0,
huntingdon college,,None,None,USA,39.4746858,-87.3669599,None,47.4,0,
husson,,None,None,USA,39.4746858,-87.3669599,None,47.4,0,
idaho,,None,None,USA,39.4746858,-87.3669599,None,47.4,0,
idaho state,,None,None,USA,39.4746858,-87.3669599,None,47.4,0,
illinois college,,None,None,USA,39.4746858,-87.3669599,None,47.4,0,
illinois state,,None,None,USA,39.4746858,-87.3669599,None,47.4,0,
illinois wesleyan,,None,None,USA,39.4746858,-87.3669599,None,47.4,0,
incarnate word,,None,None,USA,39.4746858,-87.3669599,None,47.4,0,
indiana pennsylvania,,None,None,USA,39.4746858,-87.3669599,None,47.4,0,
indiana state,,None,None,USA,39.4746858,-87.3669599,None,47.4,0,
indianapolis,,None,None,USA,39.4746858,-87.3669599,None,47.4,0,
ithaca college,,None,None,USA,39.4746858,-87.3669599,None,47.4,0,
jackson state,,None,None,USA,39.4746858,-87.3669599,None,47.4,0,
jacksonville state,,None,None,USA,39.4746858,-87.3669599,None,47.4,0,
james madison,,None,None,USA,39.4746858,-87.3669599,None,47.4,0,
jamestown college,,None,None,USA,39.4746858,-87.3669599,None,47.4,0,
john carroll university,,None,None,USA,39.4746858,-87.3669599,None,47.4,0,
johns hopkins university,,None,None,USA,39.4746858,-87.3669599,None,47.4,0,
johnson c smith,,None,None,USA,39.4746858,-87.3669599,None,47.4,0,
juniata college,,None,None,USA,39.4746858,-87.3669599,None,47.4,0,
kalamazoo,,None,None,USA,39.4746858,-87.3669599,None,47.4,0,
kean,,None,None,USA,39.4746858,-87.3669599,None,47.4,0,
kennesaw state,,None,None,USA,39.4746858,-87.3669599,None,47.4,0,
kentucky christian,,None,None,USA,39.4746858,-87.3669599,None,47.4,0,
kentucky state,,None,None,USA,39.4746858,-87.3669599,None,47.4,0,
kentucky wesleyan,,None,None,USA,39.4746858,-87.3669599,None,47.4,0,
kenyon,,None,None,USA,39.4746858,-87.3669599,None,47.4,0,
keystone,,None,None,USA,39.4746858,-87.3669599,None,47.4,0,
kings college,,None,None,USA,39.4746858,-87.3669599,None,47.4,0,
knox college,,None,None,USA,39.4746858,-87.3669599,None,47.4,0,
kutztown university,,None,None,USA,39.4746858,-87.3669599,None,47.4,0,
la verne,,None,None,USA,39.4746858,-87.3669599,None,47.4,0,
lafayette,,None,None,USA,39.4746858,-87.3669599,None,47.4,0,
lagrange college,,None,None,USA,39.4746858,-87.3669599,None,47.4,0,
lake erie,,None,None,USA,39.4746858,-87.3669599,None,47.4,0,
lake forest college,,None,None,USA,39.4746858,-87.3669599,None,47.4,0,
lakeland,,None,None,USA,39.4746858,-87.3669599,None,47.4,0,
lamar,,None,None,USA,39.4746858,-87.3669599,None,47.4,0,
lane college,,None,None,USA,39.4746858,-87.3669599,None,47.4,0,
langston university,,None,None,USA,39.4746858,-87.3669599,None,47.4,0,
lawrence university,,None,None,USA,39.4746858,-87.3669599,None,47.4,0,
lebanon valley,,None,None,USA,39.4746858,-87.3669599,None,47.4,0,
lehigh,,None,None,USA,39.4746858,-87.3669599,None,47.4,0,
lenoir rhyne,,None,None,USA,39.4746858,-87.3669599,None,47.4,0,
lewis and clark college,,None,None,USA,39.4746858,-87.3669599,None,47.4,0,
lincoln,,None,None,USA,39.4746858,-87.3669599,None,47.4,0,
lindenwood,,None,None,USA,39.4746858,-87.3669599,None,47.4,0,
linfield college,,None,None,USA,39.4746858,-87.3669599,None,47.4,0,
little rock,,None,None,USA,39.4746858,-87.3669599,None,47.4,0,
livingstone,,None,None,USA,39.4746858,-87.3669599,None,47.4,0,
lock haven university,,None,None,USA,39.4746858,-87.3669599,None,47.4,0,
long island university,,None,None,USA,39.4746858,-87.3669599,None,47.4,0,
loras college,,None,None,USA,39.4746858,-87.3669599,None,47.4,0,
louisiana college,,None,None,USA,39.4746858,-87.3669599,None,47.4,0,
luther,,None,None,USA,39.4746858,-87.3669599,None,47.4,0,
lycoming,,None,None,USA,39.4746858,-87.3669599,None,47.4,0,
lyoncoll,,None,None,USA,39.4746858,-87.3669599,None,47.4,0,
macalester,,None,None,USA,39.4746858,-87.3669599,None,47.4,0,
madonna university,,None,None,USA,39.4746858,-87.3669599,None,47.4,0,
maine,,None,None,USA,39.4746858,-87.3669599,None,47.4,0,
maine maritime,,None,None,USA,39.4746858,-87.3669599,None,47.4,0,
manchester,,None,None,USA,39.4746858,-87.3669599,None,47.4,0,
marian college,,None,None,USA,39.4746858,-87.3669599,None,47.4,0,
marietta,,None,None,USA,39.4746858,-87.3669599,None,47.4,0,
marist,,None,None,USA,39.4746858,-87.3669599,None,47.4,0,
mars hill,,None,None,USA,39.4746858,-87.3669599,None,47.4,0,
martin luther,,None,None,USA,39.4746858,-87.3669599,None,47.4,0,
mary,,None,None,USA,39.4746858,-87.3669599,None,47.4,0,
mary hardin baylor,,None,None,USA,39.4746858,-87.3669599,None,47.4,0,
maryville college,,None,None,USA,39.4746858,-87.3669599,None,47.4,0,
mass maritime,,None,None,USA,39.4746858,-87.3669599,None,47.4,0,
massachusetts,,None,None,USA,39.4746858,-87.3669599,None,47.4,0,
mayville state,,None,None,USA,39.4746858,-87.3669599,None,47.4,0,
mcdaniel college,,None,None,USA,39.4746858,-87.3669599,None,47.4,0,
mckendree,,None,None,USA,39.4746858,-87.3669599,None,47.4,0,
mcmurry,,None,None,USA,39.4746858,-87.3669599,None,47.4,0,
mcneese,,None,None,USA,39.4746858,-87.3669599,None,47.4,0,
mercer,,None,None,USA,39.4746858,-87.3669599,None,47.4,0,
merchant marine academy,,None,None,USA,39.4746858,-87.3669599,None,47.4,0,
mercyhurst,,None,None,USA,39.4746858,-87.3669599,None,47.4,0,
merrimack,,None,None,USA,39.4746858,-87.3669599,None,47.4,0,
methodist,,None,None,USA,39.4746858,-87.3669599,None,47.4,0,
michigan tech,,None,None,USA,39.4746858,-87.3669599,None,47.4,0,
middlebury,,None,None,USA,39.4746858,-87.3669599,None,47.4,0,
midland lutheran college,,None,None,USA,39.4746858,-87.3669599,None,47.4,0,
midwestern state,,None,None,USA,39.4746858,-87.3669599,None,47.4,0,
miles college,,None,None,USA,39.4746858,-87.3669599,None,47.4,0,
millersville,,None,None,USA,39.4746858,-87.3669599,None,47.4,0,
millikin,,None,None,USA,39.4746858,-87.3669599,None,47.4,0,
millsaps,,None,None,USA,39.4746858,-87.3669599,None,47.4,0,
minnesota duluth,,None,None,USA,39.4746858,-87.3669599,None,47.4,0,
minnesota morris,,None,None,USA,39.4746858,-87.3669599,None,47.4,0,
minnesota state mankato,,None,None,USA,39.4746858,-87.3669599,None,47.4,0,
minnesota state moorhead,,None,None,USA,39.4746858,-87.3669599,None,47.4,0,
minot state,,None,None,USA,39.4746858,-87.3669599,None,47.4,0,
misericordia,,None,None,USA,39.4746858,-87.3669599,None,47.4,0,
mississippi,,None,None,USA,39.4746858,-87.3669599,None,47.4,0,
mississippi valley state,,None,None,USA,39.4746858,-87.3669599,None,47.4,0,
missouri sandt,,None,None,USA,39.4746858,-87.3669599,None,47.4,0,
missouri southern state,,None,None,USA,39.4746858,-87.3669599,None,47.4,0,
missouri state,,None,None,USA,39.4746858,-87.3669599,None,47.4,0,
missouri western,,None,None,USA,39.4746858,-87.3669599,None,47.4,0,
mit,,None,None,USA,39.4746858,-87.3669599,None,47.4,0,
monmouth,,None,None,USA,39.4746858,-87.3669599,None,47.4,0,
montana,,None,None,USA,39.4746858,-87.3669599,None,47.4,0,
montana state,,None,None,USA,39.4746858,-87.3669599,None,47.4,0,
montclair state,,None,None,USA,39.4746858,-87.3669599,None,47.4,0,
moravian,,None,None,USA,39.4746858,-87.3669599,None,47.4,0,
morehead state,,None,None,USA,39.4746858,-87.3669599,None,47.4,0,
morehouse college,,None,None,USA,39.4746858,-87.3669599,None,47.4,0,
morgan state,,None,None,USA,39.4746858,-87.3669599,None,47.4,0,
mount state joseph,,None,None,USA,39.4746858,-87.3669599,None,47.4,0,
mount union,,None,None,USA,39.4746858,-87.3669599,None,47.4,0,
muhlenberg,,None,None,USA,39.4746858,-87.3669599,None,47.4,0,
murray state,,None,None,USA,39.4746858,-87.3669599,None,47.4,0,
muskingum university,,None,None,USA,39.4746858,-87.3669599,None,47.4,0,
nebraska kearney,,None,None,USA,39.4746858,-87.3669599,None,47.4,0,
nebraska wesleyan,,None,None,USA,39.4746858,-87.3669599,None,47.4,0,
nevada las vegas,,None,None,USA,39.4746858,-87.3669599,None,47.4,0,
new england college,,None,None,USA,39.4746858,-87.3669599,None,47.4,0,
new hampshire,,None,None,USA,39.4746858,-87.3669599,None,47.4,0,
new haven,,None,None,USA,39.4746858,-87.3669599,None,47.4,0,
new mexico highlands,,None,None,USA,39.4746858,-87.3669599,None,47.4,0,
newberg,,None,None,USA,39.4746858,-87.3669599,None,47.4,0,
newberry,,None,None,USA,39.4746858,-87.3669599,None,47.4,0,
nicholls,,None,None,USA,39.4746858,-87.3669599,None,47.4,0,
nichols college,,None,None,USA,39.4746858,-87.3669599,None,47.4,0,
norfolk state,,None,None,USA,39.4746858,-87.3669599,None,47.4,0,
north alabama,,None,None,USA,39.4746858,-87.3669599,None,47.4,0,
north carolina aandt,,None,None,USA,39.4746858,-87.3669599,None,47.4,0,
north carolina central,,None,None,USA,39.4746858,-87.3669599,None,47.4,0,
north carolina wesleyan,,None,None,USA,39.4746858,-87.3669599,None,47.4,0,
north central college,,None,None,USA,39.4746858,-87.3669599,None,47.4,0,
north dakota state,,None,None,USA,39.4746858,-87.3669599,None,47.4,0,
north greenville,,None,None,USA,39.4746858,-87.3669599,None,47.4,0,
north park,,None,None,USA,39.4746858,-87.3669599,None,47.4,0,
northeastern state,,None,None,USA,39.4746858,-87.3669599,None,47.4,0,
northern arizona,,None,None,USA,39.4746858,-87.3669599,None,47.4,0,
northern colorado,,None,None,USA,39.4746858,-87.3669599,None,47.4,0,
northern michigan,,None,None,USA,39.4746858,-87.3669599,None,47.4,0,
northern state,,None,None,USA,39.4746858,-87.3669599,None,47.4,0,
northwest missouri st,,None,None,USA,39.4746858,-87.3669599,None,47.4,0,
northwestern oklahoma state,,None,None,USA,39.4746858,-87.3669599,None,47.4,0,
northwestern state,,None,None,USA,39.4746858,-87.3669599,None,47.4,0,
northwood,,None,None,USA,39.4746858,-87.3669599,None,47.4,0,
norwich,,None,None,USA,39.4746858,-87.3669599,None,47.4,0,
oberlin,,None,None,USA,39.4746858,-87.3669599,None,47.4,0,
ohio dominican,,None,None,USA,39.4746858,-87.3669599,None,47.4,0,
ohio northern,,None,None,USA,39.4746858,-87.3669599,None,47.4,0,
ohio wesleyan,,None,None,USA,39.4746858,-87.3669599,None,47.4,0,
oklahoma baptist,,None,None,USA,39.4746858,-87.3669599,None,47.4,0,
oklahoma panhandle st,,None,None,USA,39.4746858,-87.3669599,None,47.4,0,
olivet college,,None,None,USA,39.4746858,-87.3669599,None,47.4,0,
otterbein,,None,None,USA,39.4746858,-87.3669599,None,47.4,0,
ouachita baptist,,None,None,USA,39.4746858,-87.3669599,None,47.4,0,
pace,,None,None,USA,39.4746858,-87.3669599,None,47.4,0,
pacific,,None,None,USA,39.4746858,-87.3669599,None,47.4,0,
pacific lutheran,,None,None,USA,39.4746858,-87.3669599,None,47.4,0,
pennsylvania,,None,None,USA,39.4746858,-87.3669599,None,47.4,0,
pennwest california,,None,None,USA,39.4746858,-87.3669599,None,47.4,0,
phoenix,,None,None,USA,39.4746858,-87.3669599,None,47.4,0,
pikeville,,None,None,USA,39.4746858,-87.3669599,None,47.4,0,
pittsburg st,,None,None,USA,39.4746858,-87.3669599,None,47.4,0,
plymouth state,,None,None,USA,39.4746858,-87.3669599,None,47.4,0,
point university,,None,None,USA,39.4746858,-87.3669599,None,47.4,0,
pomona pitzer,,None,None,USA,39.4746858,-87.3669599,None,47.4,0,
portland state,,None,None,USA,39.4746858,-87.3669599,None,47.4,0,
post university,,None,None,USA,39.4746858,-87.3669599,None,47.4,0,
prairie view aandm,,None,None,USA,39.4746858,-87.3669599,None,47.4,0,
presbyterian,,None,None,USA,39.4746858,-87.3669599,None,47.4,0,
princeton,,None,None,USA,39.4746858,-87.3669599,None,47.4,0,
puget sound,,None,None,USA,39.4746858,-87.3669599,None,47.4,0,
quincy,,None,None,USA,39.4746858,-87.3669599,None,47.4,0,
randolph macon,,None,None,USA,39.4746858,-87.3669599,None,47.4,0,
reading,,None,None,USA,39.4746858,-87.3669599,None,47.4,0,
redlands,,None,None,USA,39.4746858,-87.3669599,None,47.4,0,
rensselaer,,None,None,USA,39.4746858,-87.3669599,None,47.4,0,
rhode island,,None,None,USA,39.4746858,-87.3669599,None,47.4,0,
rhodes college,,None,None,USA,39.4746858,-87.3669599,None,47.4,0,
richmond,,None,None,USA,39.4746858,-87.3669599,None,47.4,0,
rio grande,,None,None,USA,39.4746858,-87.3669599,None,47.4,0,
ripon,,None,None,USA,39.4746858,-87.3669599,None,47.4,0,
roanoke college,,None,None,USA,39.4746858,-87.3669599,None,47.4,0,
robert morris,,None,None,USA,39.4746858,-87.3669599,None,47.4,0,
rochester,,None,None,USA,39.4746858,-87.3669599,None,47.4,0,
rockford,,None,None,USA,39.4746858,-87.3669599,None,47.4,0,
roosevelt,,None,None,USA,39.4746858,-87.3669599,None,47.4,0,
rose hulman,,None,None,USA,39.4746858,-87.3669599,None,47.4,0,
rowan,,None,None,USA,39.4746858,-87.3669599,None,47.4,0,
sacramento state,,None,None,USA,39.4746858,-87.3669599,None,47.4,0,
sacred heart,,None,None,USA,39.4746858,-87.3669599,None,47.4,0,
saginaw valley state,,None,None,USA,39.4746858,-87.3669599,None,47.4,0,
saint johns,,None,None,USA,39.4746858,-87.3669599,None,47.4,0,
saint vincent,,None,None,USA,39.4746858,-87.3669599,None,47.4,0,
saint xavier,,None,None,USA,39.4746858,-87.3669599,None,47.4,0,
salisbury,,None,None,USA,39.4746858,-87.3669599,None,47.4,0,
salve regina,,None,None,USA,39.4746858,-87.3669599,None,47.4,0,
sam houston,,None,None,USA,39.4746858,-87.3669599,None,47.4,0,
samford,,None,None,USA,39.4746858,-87.3669599,None,47.4,0,
san diego,,None,None,USA,39.4746858,-87.3669599,None,47.4,0,
san josé state,,None,None,USA,39.4746858,-87.3669599,None,47.4,0,
savannah st,,None,None,USA,39.4746858,-87.3669599,None,47.4,0,
seton hill,,None,None,USA,39.4746858,-87.3669599,None,47.4,0,
sewanee,,None,None,USA,39.4746858,-87.3669599,None,47.4,0,
shaw,,None,None,USA,39.4746858,-87.3669599,None,47.4,0,
shenandoah,,None,None,USA,39.4746858,-87.3669599,None,47.4,0,
shepherd,,None,None,USA,39.4746858,-87.3669599,None,47.4,0,
shippensburg,,None,None,USA,39.4746858,-87.3669599,None,47.4,0,
shorter,,None,None,USA,39.4746858,-87.3669599,None,47.4,0,
simpson college,,None,None,USA,39.4746858,-87.3669599,None,47.4,0,
simpson university,,None,None,USA,39.4746858,-87.3669599,None,47.4,0,
sioux falls,,None,None,USA,39.4746858,-87.3669599,None,47.4,0,
slippery rock,,None,None,USA,39.4746858,-87.3669599,None,47.4,0,
south carolina state,,None,None,USA,39.4746858,-87.3669599,None,47.4,0,
south dakota mines,,None,None,USA,39.4746858,-87.3669599,None,47.4,0,
south dakota state,,None,None,USA,39.4746858,-87.3669599,None,47.4,0,
southeast missouri state,,None,None,USA,39.4746858,-87.3669599,None,47.4,0,
southeastern louisiana,,None,None,USA,39.4746858,-87.3669599,None,47.4,0,
southeastern oklahoma state,,None,None,USA,39.4746858,-87.3669599,None,47.4,0,
southern,,None,None,USA,39.4746858,-87.3669599,None,47.4,0,
southern arkansas,,None,None,USA,39.4746858,-87.3669599,None,47.4,0,
southern california,,None,None,USA,39.4746858,-87.3669599,None,47.4,0,
southern connecticut state,,None,None,USA,39.4746858,-87.3669599,None,47.4,0,
southern methodist,,None,None,USA,39.4746858,-87.3669599,None,47.4,0,
southern mississippi,,None,None,USA,39.4746858,-87.3669599,None,47.4,0,
southern nazarene,,None,None,USA,39.4746858,-87.3669599,None,47.4,0,
southern oregon,,None,None,USA,39.4746858,-87.3669599,None,47.4,0,
southern virginia,,None,None,USA,39.4746858,-87.3669599,None,47.4,0,
southwest baptist,,None,None,USA,39.4746858,-87.3669599,None,47.4,0,
southwest minnesota state,,None,None,USA,39.4746858,-87.3669599,None,47.4,0,
southwestern oklahoma state,,None,None,USA,39.4746858,-87.3669599,None,47.4,0,
southwestern university,,None,None,USA,39.4746858,-87.3669599,None,47.4,0,
springfield,,None,None,USA,39.4746858,-87.3669599,None,47.4,0,
st john fisher university,,None,None,USA,39.4746858,-87.3669599,None,47.4,0,
state anselm,,None,None,USA,39.4746858,-87.3669599,None,47.4,0,
state francis,,None,None,USA,39.4746858,-87.3669599,None,47.4,0,
state lawrence,,None,None,USA,39.4746858,-87.3669599,None,47.4,0,
state norbert,,None,None,USA,39.4746858,-87.3669599,None,47.4,0,
state olaf,,None,None,USA,39.4746858,-87.3669599,None,47.4,0,
state scholastica,,None,None,USA,39.4746858,-87.3669599,None,47.4,0,
state thomas,,None,None,USA,39.4746858,-87.3669599,None,47.4,0,
stetson,,None,None,USA,39.4746858,-87.3669599,None,47.4,0,
stevenson,,None,None,USA,39.4746858,-87.3669599,None,47.4,0,
stonehill,,None,None,USA,39.4746858,-87.3669599,None,47.4,0,
stony brook,,None,None,USA,39.4746858,-87.3669599,None,47.4,0,
sul ross state,,None,None,USA,39.4746858,-87.3669599,None,47.4,0,
suny maritime,,None,None,USA,39.4746858,-87.3669599,None,47.4,0,
suny morrisville,,None,None,USA,39.4746858,-87.3669599,None,47.4,0,
susquehanna,,None,None,USA,39.4746858,-87.3669599,None,47.4,0,
tarleton state,,None,None,USA,39.4746858,-87.3669599,None,47.4,0,
tennessee state,,None,None,USA,39.4746858,-87.3669599,None,47.4,0,
tennessee tech,,None,None,USA,39.4746858,-87.3669599,None,47.4,0,
texas aandm,,None,None,USA,39.4746858,-87.3669599,None,47.4,0,
texas aandm kingsville,,None,None,USA,39.4746858,-87.3669599,None,47.4,0,
texas christian,,None,None,USA,39.4746858,-87.3669599,None,47.4,0,
texas el paso,,None,None,USA,39.4746858,-87.3669599,None,47.4,0,
texas lutheran,,None,None,USA,39.4746858,-87.3669599,None,47.4,0,
texas san antonio,,None,None,USA,39.4746858,-87.3669599,None,47.4,0,
texas southern,,None,None,USA,39.4746858,-87.3669599,None,47.4,0,
texas wesleyan,,None,None,USA,39.4746858,-87.3669599,None,47.4,0,
the citadel,,None,None,USA,39.4746858,-87.3669599,None,47.4,0,
thiel,,None,None,USA,39.4746858,-87.3669599,None,47.4,0,
thomas more college,,None,None,USA,39.4746858,-87.3669599,None,47.4,0,
tiffin,,None,None,USA,39.4746858,-87.3669599,None,47.4,0,
towson,,None,None,USA,39.4746858,-87.3669599,None,47.4,0,
trine university,,None,None,USA,39.4746858,-87.3669599,None,47.4,0,
trinity,,None,None,USA,39.4746858,-87.3669599,None,47.4,0,
trinity university tx,,None,None,USA,39.4746858,-87.3669599,None,47.4,0,
truman state,,None,None,USA,39.4746858,-87.3669599,None,47.4,0,
tufts,,None,None,USA,39.4746858,-87.3669599,None,47.4,0,
tuskegee,,None,None,USA,39.4746858,-87.3669599,None,47.4,0,
ualbany,,None,None,USA,39.4746858,-87.3669599,None,47.4,0,
uc davis,,None,None,USA,39.4746858,-87.3669599,None,47.4,0,
ul monroe,,None,None,USA,39.4746858,-87.3669599,None,47.4,0,
umass dartmouth,,None,None,USA,39.4746858,-87.3669599,None,47.4,0,
unc pembroke,,None,None,USA,39.4746858,-87.3669599,None,47.4,0,
union,,None,None,USA,39.4746858,-87.3669599,None,47.4,0,
upper iowa university,,None,None,USA,39.4746858,-87.3669599,None,47.4,0,
ursinus,,None,None,USA,39.4746858,-87.3669599,None,47.4,0,
ut permian basin,,None,None,USA,39.4746858,-87.3669599,None,47.4,0,
ut rio grande valley,,None,None,USA,39.4746858,-87.3669599,None,47.4,0,
utah tech,,None,None,USA,39.4746858,-87.3669599,None,47.4,0,
utica,,None,None,USA,39.4746858,-87.3669599,None,47.4,0,
uva wise,,None,None,USA,39.4746858,-87.3669599,None,47.4,0,
valdosta state,,None,None,USA,39.4746858,-87.3669599,None,47.4,0,
valley city state,,None,None,USA,39.4746858,-87.3669599,None,47.4,0,
valparaiso,,None,None,USA,39.4746858,-87.3669599,None,47.4,0,
villanova,,None,None,USA,39.4746858,-87.3669599,None,47.4,0,
virginia lynchburg,,None,None,USA,39.4746858,-87.3669599,None,47.4,0,
virginia st,,None,None,USA,39.4746858,-87.3669599,None,47.4,0,
virginia union,,None,None,USA,39.4746858,-87.3669599,None,47.4,0,
vmi,,None,None,USA,39.4746858,-87.3669599,None,47.4,0,
wabash college,,None,None,USA,39.4746858,-87.3669599,None,47.4,0,
wagner,,None,None,USA,39.4746858,-87.3669599,None,47.4,0,
walsh,,None,None,USA,39.4746858,-87.3669599,None,47.4,0,
warner university,,None,None,USA,39.4746858,-87.3669599,None,47.4,0,
wartburg,,None,None,USA,39.4746858,-87.3669599,None,47.4,0,
washburn,,None,None,USA,39.4746858,-87.3669599,None,47.4,0,
washington and jefferson,,None,None,USA,39.4746858,-87.3669599,None,47.4,0,
washington and lee,,None,None,USA,39.4746858,-87.3669599,None,47.4,0,
washington university,,None,None,USA,39.4746858,-87.3669599,None,47.4,0,
wayland baptist,,None,None,USA,39.4746858,-87.3669599,None,47.4,0,
wayne state,,None,None,USA,39.4746858,-87.3669599,None,47.4,0,
waynesburg,,None,None,USA,39.4746858,-87.3669599,None,47.4,0,
webber international,,None,None,USA,39.4746858,-87.3669599,None,47.4,0,
weber state,,None,None,USA,39.4746858,-87.3669599,None,47.4,0,
wesleyan university,,None,None,USA,39.4746858,-87.3669599,None,47.4,0,
west alabama,,None,None,USA,39.4746858,-87.3669599,None,47.4,0,
west chester,,None,None,USA,39.4746858,-87.3669599,None,47.4,0,
west florida,,None,None,USA,39.4746858,-87.3669599,None,47.4,0,
west georgia,,None,None,USA,39.4746858,-87.3669599,None,47.4,0,
west liberty,,None,None,USA,39.4746858,-87.3669599,None,47.4,0,
west texas aandm,,None,None,USA,39.4746858,-87.3669599,None,47.4,0,
west virginia state,,None,None,USA,39.4746858,-87.3669599,None,47.4,0,
west virginia wesleyan,,None,None,USA,39.4746858,-87.3669599,None,47.4,0,
western carolina,,None,None,USA,39.4746858,-87.3669599,None,47.4,0,
western colorado,,None,None,USA,39.4746858,-87.3669599,None,47.4,0,
western connecticut st,,None,None,USA,39.4746858,-87.3669599,None,47.4,0,
western illinois,,None,None,USA,39.4746858,-87.3669599,None,47.4,0,
western michigan,,None,None,USA,39.4746858,-87.3669599,None,47.4,0,
western new england,,None,None,USA,39.4746858,-87.3669599,None,47.4,0,
western new mexico,,None,None,USA,39.4746858,-87.3669599,None,47.4,0,
western oregon,,None,None,USA,39.4746858,-87.3669599,None,47.4,0,
westfield state,,None,None,USA,39.4746858,-87.3669599,None,47.4,0,
westminster,,None,None,USA,39.4746858,-87.3669599,None,47.4,0,
westminster college,,None,None,USA,39.4746858,-87.3669599,None,47.4,0,
wheaton,,None,None,USA,39.4746858,-87.3669599,None,47.4,0,
wheeling,,None,None,USA,39.4746858,-87.3669599,None,47.4,0,
whitworth,,None,None,USA,39.4746858,-87.3669599,None,47.4,0,
widener,,None,None,USA,39.4746858,-87.3669599,None,47.4,0,
wilkes,,None,None,USA,39.4746858,-87.3669599,None,47.4,0,
willamette,,None,None,USA,39.4746858,-87.3669599,None,47.4,0,
william and mary,,None,None,USA,39.4746858,-87.3669599,None,47.4,0,
william jewell,,None,None,USA,39.4746858,-87.3669599,None,47.4,0,
william paterson,,None,None,USA,39.4746858,-87.3669599,None,47.4,0,
williams,,None,None,USA,39.4746858,-87.3669599,None,47.4,0,
wilmington,,None,None,USA,39.4746858,-87.3669599,None,47.4,0,
wilson,,None,None,USA,39.4746858,-87.3669599,None,47.4,0,
wingate,,None,None,USA,39.4746858,-87.3669599,None,47.4,0,
winona state,,None,None,USA,39.4746858,-87.3669599,None,47.4,0,
winston salem,,None,None,USA,39.4746858,-87.3669599,None,47.4,0,
wisconsin,,None,None,USA,39.4746858,-87.3669599,None,47.4,0,
wisconsin eau claire,,None,None,USA,39.4746858,-87.3669599,None,47.4,0,
wisconsin lacrosse,,None,None,USA,39.4746858,-87.3669599,None,47.4,0,
wisconsin lutheran,,None,None,USA,39.4746858,-87.3669599,None,47.4,0,
wisconsin oshkosh,,None,None,USA,39.4746858,-87.3669599,None,47.4,0,
wisconsin platteville,,None,None,USA,39.4746858,-87.3669599,None,47.4,0,
wisconsin river falls,,None,None,USA,39.4746858,-87.3669599,None,47.4,0,
wisconsin stevens pt,,None,None,USA,39.4746858,-87.3669599,None,47.4,0,
wisconsin stout,,None,None,USA,39.4746858,-87.3669599,None,47.4,0,
wisconsin whitewater,,None,None,USA,39.4746858,-87.3669599,None,47.4,0,
wittenberg,,None,None,USA,39.4746858,-87.3669599,None,47.4,0,
wofford,,None,None,USA,39.4746858,-87.3669599,None,47.4,0,
wooster,,None,None,USA,39.4746858,-87.3669599,None,47.4,0,
worcester polytechnic institute,,None,None,USA,39.4746858,-87.3669599,None,47.4,0,
worcester st,,None,None,USA,39.4746858,-87.3669599,None,47.4,0,
wyoming,,None,None,USA,39.4746858,-87.3669599,None,47.4,0,
yale,,None,None,USA,39.4746858,-87.3669599,None,47.4,0,
youngstown state,,None,None,USA,39.4746858,-87.3669599,None,47.4,0,
